Program,buy_date,cohort_start_date,cohort_name,day_sale,week_sale,month_sale,year_sale,day_start,week_start,month_start,year_start,days_to_start,week_dif,month_dif,null_month,one_month,two_month,three_month,four_month,five_month,six_month,seven_month,eigth_month
FS,19/01/2024,5/02/2024,spain-fs-pt-61,19,3,1,2024,5,6,2,2024,17,2,0,0,0,1,0,0,0,0,0,0
FS,26/01/2023,13/02/2023,spain-fs-pt-38,26,4,1,2023,13,7,2,2023,18,2,0,0,0,1,0,0,0,0,0,0
FS,26/01/2023,13/02/2023,spain-fs-pt-38,26,4,1,2023,13,7,2,2023,18,2,0,0,0,1,0,0,0,0,0,0
FS,24/01/2023,13/02/2023,spain-fs-pt-38,24,4,1,2023,13,7,2,2023,20,2,0,0,0,1,0,0,0,0,0,0
FS,3/01/2023,24/01/2023,spain-fs-pt-37,3,1,1,2023,24,4,1,2023,21,2,0,0,0,1,0,0,0,0,0,0
FS,2/01/2023,24/01/2023,spain-fs-pt-37,2,1,1,2023,24,4,1,2023,22,3,0,0,0,0,1,0,0,0,0,0
DS,27/01/2024,19/02/2024,spain-ds-pt-6,27,4,1,2024,19,8,2,2024,23,3,0,0,0,0,1,0,0,0,0,0
FS,20/01/2023,13/02/2023,spain-fs-pt-38,20,3,1,2023,13,7,2,2023,24,3,0,0,0,0,1,0,0,0,0,0
FS,19/01/2024,12/02/2024,spain-fs-pt-62,19,3,1,2024,12,7,2,2024,24,3,0,0,0,0,1,0,0,0,0,0
FS,15/01/2024,12/02/2024,spain-fs-pt-62,15,3,1,2024,12,7,2,2024,28,4,0,0,0,0,0,1,0,0,0,0
FS,15/01/2024,12/02/2024,spain-fs-pt-62,15,3,1,2024,12,7,2,2024,28,4,0,0,0,0,0,1,0,0,0,0
DS,22/01/2024,19/02/2024,spain-ds-pt-6,22,4,1,2024,19,8,2,2024,28,4,0,0,0,0,0,1,0,0,0,0
FS,12/01/2024,12/02/2024,spain-fs-pt-62,12,2,1,2024,12,7,2,2024,31,4,1,0,0,0,0,1,0,0,0,0
DS,19/01/2024,19/02/2024,spain-ds-pt-6,19,3,1,2024,19,8,2,2024,31,4,1,0,0,0,0,1,0,0,0,0
DS,19/01/2024,19/02/2024,spain-ds-pt-6,19,3,1,2024,19,8,2,2024,31,4,1,0,0,0,0,1,0,0,0,0
FS,12/01/2023,13/02/2023,spain-fs-pt-38,12,2,1,2023,13,7,2,2023,32,4,1,0,0,0,0,1,0,0,0,0
DS,18/01/2024,19/02/2024,spain-ds-pt-6,18,3,1,2024,19,8,2,2024,32,4,1,0,0,0,0,1,0,0,0,0
FS,31/01/2023,6/03/2023,spain-fs-pt-39,31,5,1,2023,6,10,3,2023,34,4,1,0,0,0,0,1,0,0,0,0
DS,16/01/2024,19/02/2024,spain-ds-pt-6,16,3,1,2024,19,8,2,2024,34,4,1,0,0,0,0,1,0,0,0,0
FS,24/01/2024,27/02/2024,spain-fs-pt-63,24,4,1,2024,27,9,2,2024,34,4,1,0,0,0,0,1,0,0,0,0
FS,30/01/2024,4/03/2024,spain-fs-pt-64,30,5,1,2024,4,10,3,2024,34,4,1,0,0,0,0,1,0,0,0,0
FS,9/01/2023,13/02/2023,spain-fs-pt-38,9,2,1,2023,13,7,2,2023,35,4,1,0,0,0,0,1,0,0,0,0
FS,30/01/2023,6/03/2023,spain-fs-pt-39,30,5,1,2023,6,10,3,2023,35,4,1,0,0,0,0,1,0,0,0,0
FS,30/01/2023,6/03/2023,spain-fs-pt-39,30,5,1,2023,6,10,3,2023,35,4,1,0,0,0,0,1,0,0,0,0
FS,30/01/2023,6/03/2023,spain-fs-pt-39,30,5,1,2023,6,10,3,2023,35,4,1,0,0,0,0,1,0,0,0,0
FS,8/01/2024,12/02/2024,spain-fs-pt-62,8,2,1,2024,12,7,2,2024,35,5,1,0,0,0,0,0,1,0,0,0
FS,29/01/2024,4/03/2024,spain-fs-pt-65,29,5,1,2024,4,10,3,2024,35,5,1,0,0,0,0,0,1,0,0,0
FS,6/01/2024,12/02/2024,spain-fs-pt-62,6,1,1,2024,12,7,2,2024,37,5,1,0,0,0,0,0,1,0,0,0
FS,27/01/2023,6/03/2023,spain-fs-pt-39,27,4,1,2023,6,10,3,2023,38,5,1,0,0,0,0,0,1,0,0,0
DS,12/01/2024,19/02/2024,spain-ds-pt-6,12,2,1,2024,19,8,2,2024,38,5,1,0,0,0,0,0,1,0,0,0
FS,26/01/2024,4/03/2024,spain-fs-pt-65,26,4,1,2024,4,10,3,2024,38,5,1,0,0,0,0,0,1,0,0,0
FS,26/01/2023,6/03/2023,spain-fs-pt-39,26,4,1,2023,6,10,3,2023,39,5,1,0,0,0,0,0,1,0,0,0
FS,4/01/2024,12/02/2024,spain-fs-pt-62,4,1,1,2024,12,7,2,2024,39,5,1,0,0,0,0,0,1,0,0,0
FS,4/01/2024,12/02/2024,spain-fs-pt-62,4,1,1,2024,12,7,2,2024,39,5,1,0,0,0,0,0,1,0,0,0
FS,3/01/2024,12/02/2024,spain-fs-pt-62,3,1,1,2024,12,7,2,2024,40,5,1,0,0,0,0,0,1,0,0,0
FS,18/01/2024,27/02/2024,spain-fs-pt-63,18,3,1,2024,27,9,2,2024,40,5,1,0,0,0,0,0,1,0,0,0
FS,3/01/2023,13/02/2023,spain-fs-pt-38,3,1,1,2023,13,7,2,2023,41,5,1,0,0,0,0,0,1,0,0,0
DS,8/01/2024,19/02/2024,spain-ds-pt-6,8,2,1,2024,19,8,2,2024,42,6,1,0,0,0,0,0,0,1,0,0
FS,16/01/2024,27/02/2024,spain-fs-pt-63,16,3,1,2024,27,9,2,2024,42,6,1,0,0,0,0,0,0,1,0,0
FS,11/01/2024,4/03/2024,spain-fs-pt-65,11,2,1,2024,4,10,3,2024,53,7,1,0,0,0,0,0,0,0,1,0
FS,11/01/2024,4/03/2024,spain-fs-pt-64,11,2,1,2024,4,10,3,2024,53,7,1,0,0,0,0,0,0,0,1,0
FS,10/01/2024,4/03/2024,spain-fs-pt-65,10,2,1,2024,4,10,3,2024,54,7,1,0,0,0,0,0,0,0,1,0
FS,10/01/2024,4/03/2024,spain-fs-pt-64,10,2,1,2024,4,10,3,2024,54,7,1,0,0,0,0,0,0,0,1,0
FS,3/01/2024,27/02/2024,spain-fs-pt-63,3,1,1,2024,27,9,2,2024,55,7,1,0,0,0,0,0,0,0,1,0
FS,27/01/2023,27/03/2023,spain-fs-pt-40,27,4,1,2023,27,13,3,2023,59,8,1,0,0,0,0,0,0,0,0,1
FS,4/01/2023,6/03/2023,spain-fs-pt-39,4,1,1,2023,6,10,3,2023,61,8,2,0,0,0,0,0,0,0,0,1
FS,3/01/2024,4/03/2024,spain-fs-pt-65,3,1,1,2024,4,10,3,2024,61,8,2,0,0,0,0,0,0,0,0,1
FS,2/01/2024,4/03/2024,spain-fs-pt-65,2,1,1,2024,4,10,3,2024,62,8,2,0,0,0,0,0,0,0,0,1
FS,16/01/2023,27/03/2023,spain-fs-pt-40,16,3,1,2023,27,13,3,2023,70,9,2,0,0,0,0,0,0,0,0,1
FS,15/01/2024,1/04/2024,spain-fs-pt-66,15,3,1,2024,1,14,4,2024,77,11,2,0,0,0,0,0,0,0,0,1
FS,25/01/2024,15/04/2024,spain-fs-pt-67,25,4,1,2024,15,16,4,2024,81,11,2,0,0,0,0,0,0,0,0,1
FS,31/01/2024,22/04/2024,spain-fs-pt-68,31,5,1,2024,22,17,4,2024,82,11,2,0,0,0,0,0,0,0,0,1
FS,31/01/2024,22/04/2024,spain-fs-pt-68,31,5,1,2024,22,17,4,2024,82,11,2,0,0,0,0,0,0,0,0,1
FS,27/01/2024,22/04/2024,spain-fs-pt-68,27,4,1,2024,22,17,4,2024,86,12,2,0,0,0,0,0,0,0,0,1
FS,26/01/2023,24/04/2023,spain-fs-pt-42,26,4,1,2023,24,17,4,2023,88,12,2,0,0,0,0,0,0,0,0,1
FS,18/01/2024,15/04/2024,spain-fs-pt-67,18,3,1,2024,15,16,4,2024,88,12,2,0,0,0,0,0,0,0,0,1
FS,23/01/2024,22/04/2024,spain-fs-pt-68,23,4,1,2024,22,17,4,2024,90,12,3,0,0,0,0,0,0,0,0,1
FS,18/01/2024,22/04/2024,spain-fs-pt-68,18,3,1,2024,22,17,4,2024,95,13,3,0,0,0,0,0,0,0,0,1
FS,5/01/2023,11/04/2023,spain-fs-pt-41,5,1,1,2023,11,15,4,2023,96,13,3,0,0,0,0,0,0,0,0,1
FS,10/01/2024,15/04/2024,spain-fs-pt-67,10,2,1,2024,15,16,4,2024,96,13,3,0,0,0,0,0,0,0,0,1
FS,16/01/2024,22/04/2024,spain-fs-pt-69,16,3,1,2024,22,17,4,2024,97,13,3,0,0,0,0,0,0,0,0,1
FS,15/01/2024,22/04/2024,spain-fs-pt-68,15,3,1,2024,22,17,4,2024,98,14,3,0,0,0,0,0,0,0,0,1
FS,15/01/2024,22/04/2024,spain-fs-pt-68,15,3,1,2024,22,17,4,2024,98,14,3,0,0,0,0,0,0,0,0,1
FS,20/01/2023,8/05/2023,spain-fs-pt-43,20,3,1,2023,8,19,5,2023,108,15,3,0,0,0,0,0,0,0,0,1
DS,20/01/2023,29/05/2023,spain-ds-pt-1,20,3,1,2023,29,22,5,2023,129,18,4,0,0,0,0,0,0,0,0,1
FS,12/01/2024,28/10/2024,spain-fs-pt-89,12,2,1,2024,28,44,10,2024,290,41,9,0,0,0,0,0,0,0,0,1
FS,27/01/2023,2/12/2024,spain-fs-pt-94,27,4,1,2023,2,49,12,2024,675,96,22,0,0,0,0,0,0,0,0,1
FS,29/02/2024,4/03/2024,spain-fs-pt-65,29,9,2,2024,4,10,3,2024,4,0,0,1,0,0,0,0,0,0,0,0
FS,23/02/2023,6/03/2023,spain-fs-pt-39,23,8,2,2023,6,10,3,2023,11,1,0,0,1,0,0,0,0,0,0,0
FS,14/02/2024,27/02/2024,spain-fs-pt-63,14,7,2,2024,27,9,2,2024,13,1,0,0,1,0,0,0,0,0,0,0
FS,13/02/2024,4/03/2024,spain-fs-pt-65,13,7,2,2024,4,10,3,2024,20,2,0,0,0,1,0,0,0,0,0,0
FS,13/02/2023,6/03/2023,spain-fs-pt-39,13,7,2,2023,6,10,3,2023,21,2,0,0,0,1,0,0,0,0,0,0
FS,6/02/2024,27/02/2024,spain-fs-pt-63,6,6,2,2024,27,9,2,2024,21,3,0,0,0,0,1,0,0,0,0,0
FS,2/02/2024,27/02/2024,spain-fs-pt-63,2,5,2,2024,27,9,2,2024,25,3,0,0,0,0,1,0,0,0,0,0
FS,1/02/2024,27/02/2024,spain-fs-pt-63,1,5,2,2024,27,9,2,2024,26,3,0,0,0,0,1,0,0,0,0,0
FS,7/02/2024,4/03/2024,spain-fs-pt-65,7,6,2,2024,4,10,3,2024,26,3,0,0,0,0,1,0,0,0,0,0
FS,28/02/2023,27/03/2023,spain-fs-pt-40,28,9,2,2023,27,13,3,2023,27,3,0,0,0,0,1,0,0,0,0,0
FS,6/02/2024,4/03/2024,spain-fs-pt-65,6,6,2,2024,4,10,3,2024,27,3,0,0,0,0,1,0,0,0,0,0
FS,6/02/2024,4/03/2024,spain-fs-pt-65,6,6,2,2024,4,10,3,2024,27,3,0,0,0,0,1,0,0,0,0,0
FS,6/02/2023,6/03/2023,spain-fs-pt-39,6,6,2,2023,6,10,3,2023,28,3,0,0,0,0,1,0,0,0,0,0
FS,27/02/2023,27/03/2023,spain-fs-pt-40,27,9,2,2023,27,13,3,2023,28,3,0,0,0,0,1,0,0,0,0,0
FS,5/02/2024,4/03/2024,spain-fs-pt-65,5,6,2,2024,4,10,3,2024,28,4,0,0,0,0,0,1,0,0,0,0
FS,5/02/2024,4/03/2024,spain-fs-pt-65,5,6,2,2024,4,10,3,2024,28,4,0,0,0,0,0,1,0,0,0,0
FS,24/02/2023,27/03/2023,spain-fs-pt-40,24,8,2,2023,27,13,3,2023,31,4,1,0,0,0,0,1,0,0,0,0
DS,29/02/2024,1/04/2024,spain-ds-pt-7,29,9,2,2024,1,14,4,2024,32,4,1,0,0,0,0,1,0,0,0,0
FS,20/02/2023,27/03/2023,spain-fs-pt-40,20,8,2,2023,27,13,3,2023,35,4,1,0,0,0,0,1,0,0,0,0
FS,26/02/2024,1/04/2024,spain-fs-pt-66,26,9,2,2024,1,14,4,2024,35,5,1,0,0,0,0,0,1,0,0,0
FS,26/02/2024,1/04/2024,spain-fs-pt-66,26,9,2,2024,1,14,4,2024,35,5,1,0,0,0,0,0,1,0,0,0
FS,26/02/2024,1/04/2024,spain-fs-pt-66,26,9,2,2024,1,14,4,2024,35,5,1,0,0,0,0,0,1,0,0,0
FS,23/02/2024,1/04/2024,spain-fs-pt-66,23,8,2,2024,1,14,4,2024,38,5,1,0,0,0,0,0,1,0,0,0
FS,16/02/2023,27/03/2023,spain-fs-pt-40,16,7,2,2023,27,13,3,2023,39,5,1,0,0,0,0,0,1,0,0,0
FS,16/02/2023,27/03/2023,spain-fs-pt-40,16,7,2,2023,27,13,3,2023,39,5,1,0,0,0,0,0,1,0,0,0
FS,21/02/2024,1/04/2024,spain-fs-pt-66,21,8,2,2024,1,14,4,2024,40,5,1,0,0,0,0,0,1,0,0,0
FS,20/02/2024,1/04/2024,spain-fs-pt-66,20,8,2,2024,1,14,4,2024,41,5,1,0,0,0,0,0,1,0,0,0
FS,28/02/2023,11/04/2023,spain-fs-pt-41,28,9,2,2023,11,15,4,2023,42,5,1,0,0,0,0,0,1,0,0,0
FS,28/02/2023,11/04/2023,spain-fs-pt-41,28,9,2,2023,11,15,4,2023,42,5,1,0,0,0,0,0,1,0,0,0
FS,19/02/2024,1/04/2024,spain-fs-pt-66,19,8,2,2024,1,14,4,2024,42,6,1,0,0,0,0,0,0,1,0,0
FS,16/02/2024,1/04/2024,spain-fs-pt-66,16,7,2,2024,1,14,4,2024,45,6,1,0,0,0,0,0,0,1,0,0
DS,15/02/2024,1/04/2024,spain-ds-pt-7,15,7,2,2024,1,14,4,2024,46,6,1,0,0,0,0,0,0,1,0,0
DS,15/02/2024,1/04/2024,spain-ds-pt-7,15,7,2,2024,1,14,4,2024,46,6,1,0,0,0,0,0,0,1,0,0
FS,29/02/2024,15/04/2024,spain-fs-pt-67,29,9,2,2024,15,16,4,2024,46,6,1,0,0,0,0,0,0,1,0,0
FS,29/02/2024,15/04/2024,spain-fs-pt-67,29,9,2,2024,15,16,4,2024,46,6,1,0,0,0,0,0,0,1,0,0
FS,8/02/2024,1/04/2024,spain-fs-pt-66,8,6,2,2024,1,14,4,2024,53,7,1,0,0,0,0,0,0,0,1,0
FS,27/02/2024,22/04/2024,spain-fs-pt-68,27,9,2,2024,22,17,4,2024,55,7,1,0,0,0,0,0,0,0,1,0
FS,4/02/2024,1/04/2024,spain-fs-pt-66,4,6,2,2024,1,14,4,2024,57,8,1,0,0,0,0,0,0,0,0,1
FS,23/02/2024,22/04/2024,spain-fs-pt-68,23,8,2,2024,22,17,4,2024,59,8,1,0,0,0,0,0,0,0,0,1
FS,15/02/2024,15/04/2024,spain-fs-pt-67,15,7,2,2024,15,16,4,2024,60,8,2,0,0,0,0,0,0,0,0,1
FS,21/02/2024,22/04/2024,spain-fs-pt-68,21,8,2,2024,22,17,4,2024,61,8,2,0,0,0,0,0,0,0,0,1
FS,28/02/2023,8/05/2023,spain-fs-pt-43,28,9,2,2023,8,19,5,2023,69,9,2,0,0,0,0,0,0,0,0,1
FS,6/02/2024,15/04/2024,spain-fs-pt-67,6,6,2,2024,15,16,4,2024,69,9,2,0,0,0,0,0,0,0,0,1
FS,27/02/2023,8/05/2023,spain-fs-pt-43,27,9,2,2023,8,19,5,2023,70,9,2,0,0,0,0,0,0,0,0,1
FS,12/02/2024,22/04/2024,spain-fs-pt-69,12,7,2,2024,22,17,4,2024,70,10,2,0,0,0,0,0,0,0,0,1
FS,24/02/2023,8/05/2023,spain-fs-pt-43,24,8,2,2023,8,19,5,2023,73,10,2,0,0,0,0,0,0,0,0,1
FS,28/02/2024,13/05/2024,spain-fs-pt-71,28,9,2,2024,13,20,5,2024,75,10,2,0,0,0,0,0,0,0,0,1
FS,29/02/2024,14/05/2024,spain-fs-pt-72,29,9,2,2024,14,20,5,2024,75,10,2,0,0,0,0,0,0,0,0,1
FS,27/02/2024,13/05/2024,spain-fs-pt-71,27,9,2,2024,13,20,5,2024,76,10,2,0,0,0,0,0,0,0,0,1
FS,28/02/2024,14/05/2024,spain-fs-pt-72,28,9,2,2024,14,20,5,2024,76,10,2,0,0,0,0,0,0,0,0,1
FS,20/02/2023,8/05/2023,spain-fs-pt-43,20,8,2,2023,8,19,5,2023,77,10,2,0,0,0,0,0,0,0,0,1
FS,3/02/2024,22/04/2024,spain-fs-pt-68,3,5,2,2024,22,17,4,2024,79,11,2,0,0,0,0,0,0,0,0,1
FS,17/02/2023,8/05/2023,spain-fs-pt-43,17,7,2,2023,8,19,5,2023,80,11,2,0,0,0,0,0,0,0,0,1
FS,2/02/2024,22/04/2024,spain-fs-pt-68,2,5,2,2024,22,17,4,2024,80,11,2,0,0,0,0,0,0,0,0,1
FS,2/02/2024,22/04/2024,spain-fs-pt-68,2,5,2,2024,22,17,4,2024,80,11,2,0,0,0,0,0,0,0,0,1
FS,1/02/2024,22/04/2024,spain-fs-pt-68,1,5,2,2024,22,17,4,2024,81,11,2,0,0,0,0,0,0,0,0,1
FS,8/02/2024,6/05/2024,spain-fs-pt-70,8,6,2,2024,6,19,5,2024,88,12,2,0,0,0,0,0,0,0,0,1
DS,14/02/2024,27/05/2024,spain-ds-pt-8,14,7,2,2024,27,22,5,2024,103,14,3,0,0,0,0,0,0,0,0,1
FS,2/02/2024,3/06/2024,spain-fs-pt-74,2,5,2,2024,3,23,6,2024,122,17,4,0,0,0,0,0,0,0,0,1
FS,12/02/2024,17/06/2024,spain-fs-pt-75,12,7,2,2024,17,25,6,2024,126,18,4,0,0,0,0,0,0,0,0,1
FS,29/02/2024,2/09/2024,spain-fs-pt-79,29,9,2,2024,2,36,9,2024,186,26,6,0,0,0,0,0,0,0,0,1
FS,23/02/2023,11/09/2023,spain-fs-pt-49,23,8,2,2023,11,37,9,2023,200,28,6,0,0,0,0,0,0,0,0,1
FS,22/02/2023,11/09/2023,spain-fs-pt-49,22,8,2,2023,11,37,9,2023,201,28,6,0,0,0,0,0,0,0,0,1
CS,28/02/2024,23/09/2024,spain-cs-pt-1,28,9,2,2024,23,39,9,2024,208,29,6,0,0,0,0,0,0,0,0,1
FS,19/02/2024,16/09/2024,spain-fs-pt-81,19,8,2,2024,16,38,9,2024,210,30,7,0,0,0,0,0,0,0,0,1
FS,6/02/2024,16/09/2024,spain-fs-pt-81,6,6,2,2024,16,38,9,2024,223,31,7,0,0,0,0,0,0,0,0,1
FS,22/02/2024,14/10/2024,spain-fs-pt-86,22,8,2,2024,14,42,10,2024,235,33,7,0,0,0,0,0,0,0,0,1
FS,16/02/2024,28/10/2024,spain-fs-pt-89,16,7,2,2024,28,44,10,2024,255,36,8,0,0,0,0,0,0,0,0,1
FS,15/02/2024,25/11/2024,spain-fs-pt-93,15,7,2,2024,25,48,11,2024,284,40,9,0,0,0,0,0,0,0,0,1
FS,31/03/2023,11/04/2023,spain-fs-pt-41,31,13,3,2023,11,15,4,2023,11,1,0,0,1,0,0,0,0,0,0,0
FS,28/03/2023,11/04/2023,spain-fs-pt-41,28,13,3,2023,11,15,4,2023,14,1,0,0,1,0,0,0,0,0,0,0
FS,18/03/2024,1/04/2024,spain-fs-pt-66,18,12,3,2024,1,14,4,2024,14,2,0,0,0,1,0,0,0,0,0,0
FS,9/03/2023,27/03/2023,spain-fs-pt-40,9,10,3,2023,27,13,3,2023,18,2,0,0,0,1,0,0,0,0,0,0
FS,7/03/2023,27/03/2023,spain-fs-pt-40,7,10,3,2023,27,13,3,2023,20,2,0,0,0,1,0,0,0,0,0,0
DS,12/03/2024,1/04/2024,spain-ds-pt-7,12,11,3,2024,1,14,4,2024,20,2,0,0,0,1,0,0,0,0,0,0
FS,26/03/2024,15/04/2024,spain-fs-pt-67,26,13,3,2024,15,16,4,2024,20,2,0,0,0,1,0,0,0,0,0,0
FS,31/03/2024,22/04/2024,spain-fs-pt-69,31,14,3,2024,22,17,4,2024,22,3,0,0,0,0,1,0,0,0,0,0
DS,9/03/2024,1/04/2024,spain-ds-pt-7,9,10,3,2024,1,14,4,2024,23,3,0,0,0,0,1,0,0,0,0,0
FS,8/03/2024,1/04/2024,spain-fs-pt-66,8,10,3,2024,1,14,4,2024,24,3,0,0,0,0,1,0,0,0,0,0
FS,28/03/2023,24/04/2023,spain-fs-pt-42,28,13,3,2023,24,17,4,2023,27,3,0,0,0,0,1,0,0,0,0,0
FS,5/03/2024,1/04/2024,spain-fs-pt-66,5,10,3,2024,1,14,4,2024,27,3,0,0,0,0,1,0,0,0,0,0
DS,4/03/2024,1/04/2024,spain-ds-pt-7,4,10,3,2024,1,14,4,2024,28,4,0,0,0,0,0,1,0,0,0,0
FS,25/03/2024,22/04/2024,spain-fs-pt-69,25,13,3,2024,22,17,4,2024,28,4,0,0,0,0,0,1,0,0,0,0
FS,1/03/2024,1/04/2024,spain-fs-pt-66,1,9,3,2024,1,14,4,2024,31,4,1,0,0,0,0,1,0,0,0,0
FS,23/03/2023,24/04/2023,spain-fs-pt-42,23,12,3,2023,24,17,4,2023,32,4,1,0,0,0,0,1,0,0,0,0
FS,21/03/2024,22/04/2024,spain-fs-pt-69,21,12,3,2024,22,17,4,2024,32,4,1,0,0,0,0,1,0,0,0,0
FS,21/03/2023,24/04/2023,spain-fs-pt-42,21,12,3,2023,24,17,4,2023,34,4,1,0,0,0,0,1,0,0,0,0
FS,21/03/2023,24/04/2023,spain-fs-pt-42,21,12,3,2023,24,17,4,2023,34,4,1,0,0,0,0,1,0,0,0,0
FS,18/03/2024,22/04/2024,spain-fs-pt-69,18,12,3,2024,22,17,4,2024,35,5,1,0,0,0,0,0,1,0,0,0
FS,18/03/2024,22/04/2024,spain-fs-pt-69,18,12,3,2024,22,17,4,2024,35,5,1,0,0,0,0,0,1,0,0,0
FS,3/03/2023,11/04/2023,spain-fs-pt-41,3,9,3,2023,11,15,4,2023,39,5,1,0,0,0,0,0,1,0,0,0
FS,14/03/2024,22/04/2024,spain-fs-pt-69,14,11,3,2024,22,17,4,2024,39,5,1,0,0,0,0,0,1,0,0,0
FS,14/03/2024,22/04/2024,spain-fs-pt-69,14,11,3,2024,22,17,4,2024,39,5,1,0,0,0,0,0,1,0,0,0
FS,27/03/2024,6/05/2024,spain-fs-pt-70,27,13,3,2024,6,19,5,2024,40,5,1,0,0,0,0,0,1,0,0,0
FS,14/03/2023,24/04/2023,spain-fs-pt-42,14,11,3,2023,24,17,4,2023,41,5,1,0,0,0,0,0,1,0,0,0
FS,5/03/2024,15/04/2024,spain-fs-pt-67,5,10,3,2024,15,16,4,2024,41,5,1,0,0,0,0,0,1,0,0,0
FS,12/03/2024,22/04/2024,spain-fs-pt-69,12,11,3,2024,22,17,4,2024,41,5,1,0,0,0,0,0,1,0,0,0
FS,26/03/2024,6/05/2024,spain-fs-pt-70,26,13,3,2024,6,19,5,2024,41,5,1,0,0,0,0,0,1,0,0,0
FS,4/03/2024,15/04/2024,spain-fs-pt-67,4,10,3,2024,15,16,4,2024,42,6,1,0,0,0,0,0,0,1,0,0
FS,4/03/2024,15/04/2024,spain-fs-pt-67,4,10,3,2024,15,16,4,2024,42,6,1,0,0,0,0,0,0,1,0,0
FS,4/03/2024,15/04/2024,spain-fs-pt-67,4,10,3,2024,15,16,4,2024,42,6,1,0,0,0,0,0,0,1,0,0
FS,4/03/2024,15/04/2024,spain-fs-pt-67,4,10,3,2024,15,16,4,2024,42,6,1,0,0,0,0,0,0,1,0,0
FS,24/03/2024,6/05/2024,spain-fs-pt-70,24,13,3,2024,6,19,5,2024,43,6,1,0,0,0,0,0,0,1,0,0
FS,2/03/2024,15/04/2024,spain-fs-pt-67,2,9,3,2024,15,16,4,2024,44,6,1,0,0,0,0,0,0,1,0,0
FS,1/03/2024,15/04/2024,spain-fs-pt-67,1,9,3,2024,15,16,4,2024,45,6,1,0,0,0,0,0,0,1,0,0
FS,8/03/2024,22/04/2024,spain-fs-pt-69,8,10,3,2024,22,17,4,2024,45,6,1,0,0,0,0,0,0,1,0,0
FS,7/03/2024,22/04/2024,spain-fs-pt-69,7,10,3,2024,22,17,4,2024,46,6,1,0,0,0,0,0,0,1,0,0
FS,21/03/2024,6/05/2024,spain-fs-pt-70,21,12,3,2024,6,19,5,2024,46,6,1,0,0,0,0,0,0,1,0,0
FS,22/03/2023,8/05/2023,spain-fs-pt-43,22,12,3,2023,8,19,5,2023,47,6,1,0,0,0,0,0,0,1,0,0
FS,19/03/2024,13/05/2024,spain-fs-pt-71,19,12,3,2024,13,20,5,2024,55,7,1,0,0,0,0,0,0,0,1,0
FS,18/03/2024,13/05/2024,spain-fs-pt-71,18,12,3,2024,13,20,5,2024,56,8,1,0,0,0,0,0,0,0,0,1
FS,24/03/2023,22/05/2023,spain-fs-pt-44,24,12,3,2023,22,21,5,2023,59,8,1,0,0,0,0,0,0,0,0,1
DS,31/03/2023,29/05/2023,spain-ds-pt-1,31,13,3,2023,29,22,5,2023,59,8,1,0,0,0,0,0,0,0,0,1
DS,31/03/2023,29/05/2023,spain-ds-pt-1,31,13,3,2023,29,22,5,2023,59,8,1,0,0,0,0,0,0,0,0,1
FS,3/03/2023,8/05/2023,spain-fs-pt-43,3,9,3,2023,8,19,5,2023,66,9,2,0,0,0,0,0,0,0,0,1
FS,1/03/2024,6/05/2024,spain-fs-pt-70,1,9,3,2024,6,19,5,2024,66,9,2,0,0,0,0,0,0,0,0,1
FS,8/03/2024,14/05/2024,spain-fs-pt-72,8,10,3,2024,14,20,5,2024,67,9,2,0,0,0,0,0,0,0,0,1
DS,22/03/2023,29/05/2023,spain-ds-pt-1,22,12,3,2023,29,22,5,2023,68,9,2,0,0,0,0,0,0,0,0,1
FS,7/03/2024,14/05/2024,spain-fs-pt-72,7,10,3,2024,14,20,5,2024,68,9,2,0,0,0,0,0,0,0,0,1
DS,20/03/2024,27/05/2024,spain-ds-pt-8,20,12,3,2024,27,22,5,2024,68,9,2,0,0,0,0,0,0,0,0,1
DS,21/03/2023,29/05/2023,spain-ds-pt-1,21,12,3,2023,29,22,5,2023,69,9,2,0,0,0,0,0,0,0,0,1
DS,19/03/2024,27/05/2024,spain-ds-pt-8,19,12,3,2024,27,22,5,2024,69,9,2,0,0,0,0,0,0,0,0,1
DS,18/03/2024,27/05/2024,spain-ds-pt-8,18,12,3,2024,27,22,5,2024,70,10,2,0,0,0,0,0,0,0,0,1
FS,12/03/2024,27/05/2024,spain-fs-pt-73,12,11,3,2024,27,22,5,2024,76,10,2,0,0,0,0,0,0,0,0,1
FS,21/03/2023,18/07/2023,spain-fs-pt-46,21,12,3,2023,18,29,7,2023,119,16,3,0,0,0,0,0,0,0,0,1
FS,31/03/2023,11/09/2023,spain-fs-pt-48,31,13,3,2023,11,37,9,2023,164,23,5,0,0,0,0,0,0,0,0,1
DS,31/03/2023,18/09/2023,spain-ds-pt-2,31,13,3,2023,18,38,9,2023,171,24,5,0,0,0,0,0,0,0,0,1
FS,20/03/2024,16/09/2024,spain-fs-pt-81,20,12,3,2024,16,38,9,2024,180,25,6,0,0,0,0,0,0,0,0,1
FS,15/03/2023,25/09/2023,spain-fs-pt-50,15,11,3,2023,25,39,9,2023,194,27,6,0,0,0,0,0,0,0,0,1
FS,31/03/2023,6/11/2023,spain-fs-pt-53,31,13,3,2023,6,45,11,2023,220,31,7,0,0,0,0,0,0,0,0,1
FS,14/03/2024,28/10/2024,spain-fs-pt-89,14,11,3,2024,28,44,10,2024,228,32,7,0,0,0,0,0,0,0,0,1
DS,31/03/2023,19/02/2024,spain-ds-pt-6,31,13,3,2023,19,8,2,2024,325,46,10,0,0,0,0,0,0,0,0,1
FS,11/04/2023,11/04/2023,spain-fs-pt-41,11,15,4,2023,11,15,4,2023,0,-1,-1,0,0,0,0,0,0,0,0,0
FS,11/04/2023,11/04/2023,spain-fs-pt-41,11,15,4,2023,11,15,4,2023,0,-1,-1,0,0,0,0,0,0,0,0,0
FS,11/04/2023,24/04/2023,spain-fs-pt-42,11,15,4,2023,24,17,4,2023,13,1,0,0,1,0,0,0,0,0,0,0
FS,11/04/2023,24/04/2023,spain-fs-pt-42,11,15,4,2023,24,17,4,2023,13,1,0,0,1,0,0,0,0,0,0,0
FS,29/04/2024,14/05/2024,spain-fs-pt-72,29,18,4,2024,14,20,5,2024,15,2,0,0,0,1,0,0,0,0,0,0
FS,25/04/2024,13/05/2024,spain-fs-pt-71,25,17,4,2024,13,20,5,2024,18,2,0,0,0,1,0,0,0,0,0,0
FS,23/04/2024,13/05/2024,spain-fs-pt-71,23,17,4,2024,13,20,5,2024,20,2,0,0,0,1,0,0,0,0,0,0
FS,1/04/2024,22/04/2024,spain-fs-pt-69,1,14,4,2024,22,17,4,2024,21,3,0,0,0,0,1,0,0,0,0,0
FS,1/04/2024,22/04/2024,spain-fs-pt-69,1,14,4,2024,22,17,4,2024,21,3,0,0,0,0,1,0,0,0,0,0
FS,29/04/2023,22/05/2023,spain-fs-pt-44,29,17,4,2023,22,21,5,2023,23,3,0,0,0,0,1,0,0,0,0,0
FS,19/04/2024,14/05/2024,spain-fs-pt-72,19,16,4,2024,14,20,5,2024,25,3,0,0,0,0,1,0,0,0,0,0
FS,18/04/2024,14/05/2024,spain-fs-pt-72,18,16,4,2024,14,20,5,2024,26,3,0,0,0,0,1,0,0,0,0,0
FS,29/04/2024,27/05/2024,spain-fs-pt-73,29,18,4,2024,27,22,5,2024,28,4,0,0,0,0,0,1,0,0,0,0
FS,29/04/2024,27/05/2024,spain-fs-pt-73,29,18,4,2024,27,22,5,2024,28,4,0,0,0,0,0,1,0,0,0,0
FS,21/04/2023,22/05/2023,spain-fs-pt-44,21,16,4,2023,22,21,5,2023,31,4,1,0,0,0,0,1,0,0,0,0
FS,21/04/2023,22/05/2023,spain-fs-pt-44,21,16,4,2023,22,21,5,2023,31,4,1,0,0,0,0,1,0,0,0,0
FS,5/04/2024,6/05/2024,spain-fs-pt-70,5,14,4,2024,6,19,5,2024,31,4,1,0,0,0,0,1,0,0,0,0
FS,5/04/2024,6/05/2024,spain-fs-pt-70,5,14,4,2024,6,19,5,2024,31,4,1,0,0,0,0,1,0,0,0,0
FS,5/04/2024,6/05/2024,spain-fs-pt-70,5,14,4,2024,6,19,5,2024,31,4,1,0,0,0,0,1,0,0,0,0
FS,5/04/2024,6/05/2024,spain-fs-pt-70,5,14,4,2024,6,19,5,2024,31,4,1,0,0,0,0,1,0,0,0,0
FS,26/04/2024,27/05/2024,spain-fs-pt-73,26,17,4,2024,27,22,5,2024,31,4,1,0,0,0,0,1,0,0,0,0
FS,26/04/2024,27/05/2024,spain-fs-pt-73,26,17,4,2024,27,22,5,2024,31,4,1,0,0,0,0,1,0,0,0,0
FS,20/04/2023,22/05/2023,spain-fs-pt-44,20,16,4,2023,22,21,5,2023,32,4,1,0,0,0,0,1,0,0,0,0
DS,26/04/2023,29/05/2023,spain-ds-pt-1,26,17,4,2023,29,22,5,2023,33,4,1,0,0,0,0,1,0,0,0,0
FS,2/04/2024,6/05/2024,spain-fs-pt-70,2,14,4,2024,6,19,5,2024,34,4,1,0,0,0,0,1,0,0,0,0
FS,2/04/2024,6/05/2024,spain-fs-pt-70,2,14,4,2024,6,19,5,2024,34,4,1,0,0,0,0,1,0,0,0,0
FS,2/04/2024,6/05/2024,spain-fs-pt-70,2,14,4,2024,6,19,5,2024,34,4,1,0,0,0,0,1,0,0,0,0
FS,9/04/2024,13/05/2024,spain-fs-pt-71,9,15,4,2024,13,20,5,2024,34,4,1,0,0,0,0,1,0,0,0,0
FS,23/04/2024,27/05/2024,spain-fs-pt-73,23,17,4,2024,27,22,5,2024,34,4,1,0,0,0,0,1,0,0,0,0
FS,30/04/2024,3/06/2024,spain-fs-pt-74,30,18,4,2024,3,23,6,2024,34,4,1,0,0,0,0,1,0,0,0,0
FS,17/04/2023,22/05/2023,spain-fs-pt-44,17,16,4,2023,22,21,5,2023,35,4,1,0,0,0,0,1,0,0,0,0
FS,8/04/2024,13/05/2024,spain-fs-pt-71,8,15,4,2024,13,20,5,2024,35,5,1,0,0,0,0,0,1,0,0,0
FS,22/04/2024,27/05/2024,spain-fs-pt-73,22,17,4,2024,27,22,5,2024,35,5,1,0,0,0,0,0,1,0,0,0
FS,22/04/2024,27/05/2024,spain-fs-pt-73,22,17,4,2024,27,22,5,2024,35,5,1,0,0,0,0,0,1,0,0,0
FS,22/04/2024,27/05/2024,spain-fs-pt-73,22,17,4,2024,27,22,5,2024,35,5,1,0,0,0,0,0,1,0,0,0
FS,8/04/2024,14/05/2024,spain-fs-pt-72,8,15,4,2024,14,20,5,2024,36,5,1,0,0,0,0,0,1,0,0,0
FS,20/04/2024,27/05/2024,spain-fs-pt-73,20,16,4,2024,27,22,5,2024,37,5,1,0,0,0,0,0,1,0,0,0
FS,19/04/2024,27/05/2024,spain-fs-pt-73,19,16,4,2024,27,22,5,2024,38,5,1,0,0,0,0,0,1,0,0,0
FS,13/04/2023,22/05/2023,spain-fs-pt-44,13,15,4,2023,22,21,5,2023,39,5,1,0,0,0,0,0,1,0,0,0
FS,3/04/2024,13/05/2024,spain-fs-pt-71,3,14,4,2024,13,20,5,2024,40,5,1,0,0,0,0,0,1,0,0,0
FS,17/04/2024,27/05/2024,spain-fs-pt-73,17,16,4,2024,27,22,5,2024,40,5,1,0,0,0,0,0,1,0,0,0
FS,24/04/2024,3/06/2024,spain-fs-pt-74,24,17,4,2024,3,23,6,2024,40,5,1,0,0,0,0,0,1,0,0,0
DS,15/04/2024,27/05/2024,spain-ds-pt-8,15,16,4,2024,27,22,5,2024,42,6,1,0,0,0,0,0,0,1,0,0
FS,22/04/2024,3/06/2024,spain-fs-pt-74,22,17,4,2024,3,23,6,2024,42,6,1,0,0,0,0,0,0,1,0,0
DS,12/04/2024,27/05/2024,spain-ds-pt-8,12,15,4,2024,27,22,5,2024,45,6,1,0,0,0,0,0,0,1,0,0
FS,12/04/2024,27/05/2024,spain-fs-pt-73,12,15,4,2024,27,22,5,2024,45,6,1,0,0,0,0,0,0,1,0,0
FS,12/04/2024,27/05/2024,spain-fs-pt-73,12,15,4,2024,27,22,5,2024,45,6,1,0,0,0,0,0,0,1,0,0
FS,11/04/2024,27/05/2024,spain-fs-pt-73,11,15,4,2024,27,22,5,2024,46,6,1,0,0,0,0,0,0,1,0,0
FS,9/04/2024,27/05/2024,spain-fs-pt-73,9,15,4,2024,27,22,5,2024,48,6,1,0,0,0,0,0,0,1,0,0
FS,30/04/2024,17/06/2024,spain-fs-pt-75,30,18,4,2024,17,25,6,2024,48,6,1,0,0,0,0,0,0,1,0,0
FS,30/04/2024,17/06/2024,spain-fs-pt-75,30,18,4,2024,17,25,6,2024,48,6,1,0,0,0,0,0,0,1,0,0
FS,15/04/2024,3/06/2024,spain-fs-pt-74,15,16,4,2024,3,23,6,2024,49,7,1,0,0,0,0,0,0,0,1,0
FS,29/04/2024,17/06/2024,spain-fs-pt-75,29,18,4,2024,17,25,6,2024,49,7,1,0,0,0,0,0,0,0,1,0
DS,3/04/2024,27/05/2024,spain-ds-pt-8,3,14,4,2024,27,22,5,2024,54,7,1,0,0,0,0,0,0,0,1,0
FS,24/04/2024,17/06/2024,spain-fs-pt-75,24,17,4,2024,17,25,6,2024,54,7,1,0,0,0,0,0,0,0,1,0
DS,1/04/2024,27/05/2024,spain-ds-pt-8,1,14,4,2024,27,22,5,2024,56,8,1,0,0,0,0,0,0,0,0,1
FS,19/04/2024,17/06/2024,spain-fs-pt-75,19,16,4,2024,17,25,6,2024,59,8,1,0,0,0,0,0,0,0,0,1
FS,10/04/2024,17/06/2024,spain-fs-pt-75,10,15,4,2024,17,25,6,2024,68,9,2,0,0,0,0,0,0,0,0,1
DS,24/04/2024,8/07/2024,spain-ds-pt-9,24,17,4,2024,8,28,7,2024,75,10,2,0,0,0,0,0,0,0,0,1
FS,30/04/2024,15/07/2024,spain-fs-pt-77,30,18,4,2024,15,29,7,2024,76,10,2,0,0,0,0,0,0,0,0,1
FS,30/04/2024,15/07/2024,spain-fs-pt-77,30,18,4,2024,15,29,7,2024,76,10,2,0,0,0,0,0,0,0,0,1
FS,22/04/2024,15/07/2024,spain-fs-pt-77,22,17,4,2024,15,29,7,2024,84,12,2,0,0,0,0,0,0,0,0,1
FS,29/04/2024,16/09/2024,spain-fs-pt-82,29,18,4,2024,16,38,9,2024,140,20,4,0,0,0,0,0,0,0,0,1
DS,20/04/2023,18/09/2023,spain-ds-pt-2,20,16,4,2023,18,38,9,2023,151,21,5,0,0,0,0,0,0,0,0,1
FS,12/04/2024,16/09/2024,spain-fs-pt-82,12,15,4,2024,16,38,9,2024,157,22,5,0,0,0,0,0,0,0,0,1
FS,11/04/2023,25/09/2023,spain-fs-pt-50,11,15,4,2023,25,39,9,2023,167,23,5,0,0,0,0,0,0,0,0,1
FS,18/04/2024,14/10/2024,spain-fs-pt-86,18,16,4,2024,14,42,10,2024,179,25,5,0,0,0,0,0,0,0,0,1
FS,30/04/2024,28/10/2024,spain-fs-pt-89,30,18,4,2024,28,44,10,2024,181,25,6,0,0,0,0,0,0,0,0,1
FS,30/04/2024,28/10/2024,spain-fs-pt-89,30,18,4,2024,28,44,10,2024,181,25,6,0,0,0,0,0,0,0,0,1
FS,26/04/2024,28/10/2024,spain-fs-pt-89,26,17,4,2024,28,44,10,2024,185,26,6,0,0,0,0,0,0,0,0,1
FS,1/04/2024,14/10/2024,spain-fs-pt-86,1,14,4,2024,14,42,10,2024,196,28,6,0,0,0,0,0,0,0,0,1
FS,1/04/2024,28/10/2024,spain-fs-pt-88,1,14,4,2024,28,44,10,2024,210,30,7,0,0,0,0,0,0,0,0,1
DS,11/04/2023,20/11/2023,spain-ds-pt-4,11,15,4,2023,20,47,11,2023,223,31,7,0,0,0,0,0,0,0,0,1
FS,8/05/2023,22/05/2023,spain-fs-pt-44,8,19,5,2023,22,21,5,2023,14,1,0,0,1,0,0,0,0,0,0,0
FS,8/05/2023,22/05/2023,spain-fs-pt-44,8,19,5,2023,22,21,5,2023,14,1,0,0,1,0,0,0,0,0,0,0
FS,5/05/2023,22/05/2023,spain-fs-pt-44,5,18,5,2023,22,21,5,2023,17,2,0,0,0,1,0,0,0,0,0,0
FS,17/05/2024,3/06/2024,spain-fs-pt-74,17,20,5,2024,3,23,6,2024,17,2,0,0,0,1,0,0,0,0,0,0
FS,17/05/2024,3/06/2024,spain-fs-pt-74,17,20,5,2024,3,23,6,2024,17,2,0,0,0,1,0,0,0,0,0,0
FS,4/05/2023,22/05/2023,spain-fs-pt-44,4,18,5,2023,22,21,5,2023,18,2,0,0,0,1,0,0,0,0,0,0
FS,4/05/2023,22/05/2023,spain-fs-pt-44,4,18,5,2023,22,21,5,2023,18,2,0,0,0,1,0,0,0,0,0,0
FS,29/05/2024,17/06/2024,spain-fs-pt-76,29,22,5,2024,17,25,6,2024,19,2,0,0,0,1,0,0,0,0,0,0
FS,7/05/2024,27/05/2024,spain-fs-pt-73,7,19,5,2024,27,22,5,2024,20,2,0,0,0,1,0,0,0,0,0,0
FS,13/05/2024,3/06/2024,spain-fs-pt-74,13,20,5,2024,3,23,6,2024,21,3,0,0,0,0,1,0,0,0,0,0
FS,10/05/2024,3/06/2024,spain-fs-pt-74,10,19,5,2024,3,23,6,2024,24,3,0,0,0,0,1,0,0,0,0,0
FS,22/05/2024,17/06/2024,spain-fs-pt-76,22,21,5,2024,17,25,6,2024,26,3,0,0,0,0,1,0,0,0,0,0
FS,22/05/2024,17/06/2024,spain-fs-pt-76,22,21,5,2024,17,25,6,2024,26,3,0,0,0,0,1,0,0,0,0,0
FS,29/05/2023,26/06/2023,spain-fs-pt-45,29,22,5,2023,26,26,6,2023,28,3,0,0,0,0,1,0,0,0,0,0
FS,20/05/2024,17/06/2024,spain-fs-pt-76,20,21,5,2024,17,25,6,2024,28,4,0,0,0,0,0,1,0,0,0,0
FS,20/05/2024,17/06/2024,spain-fs-pt-76,20,21,5,2024,17,25,6,2024,28,4,0,0,0,0,0,1,0,0,0,0
FS,3/05/2024,3/06/2024,spain-fs-pt-74,3,18,5,2024,3,23,6,2024,31,4,1,0,0,0,0,1,0,0,0,0
FS,3/05/2024,3/06/2024,spain-fs-pt-74,3,18,5,2024,3,23,6,2024,31,4,1,0,0,0,0,1,0,0,0,0
FS,17/05/2024,17/06/2024,spain-fs-pt-76,17,20,5,2024,17,25,6,2024,31,4,1,0,0,0,0,1,0,0,0,0
FS,17/05/2024,17/06/2024,spain-fs-pt-76,17,20,5,2024,17,25,6,2024,31,4,1,0,0,0,0,1,0,0,0,0
FS,17/05/2024,17/06/2024,spain-fs-pt-76,17,20,5,2024,17,25,6,2024,31,4,1,0,0,0,0,1,0,0,0,0
FS,25/05/2023,26/06/2023,spain-fs-pt-45,25,21,5,2023,26,26,6,2023,32,4,1,0,0,0,0,1,0,0,0,0
FS,2/05/2024,3/06/2024,spain-fs-pt-74,2,18,5,2024,3,23,6,2024,32,4,1,0,0,0,0,1,0,0,0,0
FS,16/05/2024,17/06/2024,spain-fs-pt-76,16,20,5,2024,17,25,6,2024,32,4,1,0,0,0,0,1,0,0,0,0
FS,14/05/2024,17/06/2024,spain-fs-pt-76,14,20,5,2024,17,25,6,2024,34,4,1,0,0,0,0,1,0,0,0,0
FS,19/05/2023,26/06/2023,spain-fs-pt-45,19,20,5,2023,26,26,6,2023,38,5,1,0,0,0,0,0,1,0,0,0
FS,19/05/2023,26/06/2023,spain-fs-pt-45,19,20,5,2023,26,26,6,2023,38,5,1,0,0,0,0,0,1,0,0,0
DS,31/05/2024,8/07/2024,spain-ds-pt-9,31,22,5,2024,8,28,7,2024,38,5,1,0,0,0,0,0,1,0,0,0
FS,7/05/2024,17/06/2024,spain-fs-pt-76,7,19,5,2024,17,25,6,2024,41,5,1,0,0,0,0,0,1,0,0,0
DS,27/05/2024,8/07/2024,spain-ds-pt-9,27,22,5,2024,8,28,7,2024,42,6,1,0,0,0,0,0,0,1,0,0
FS,13/05/2023,26/06/2023,spain-fs-pt-45,13,19,5,2023,26,26,6,2023,44,6,1,0,0,0,0,0,0,1,0,0
FS,4/05/2024,17/06/2024,spain-fs-pt-75,4,18,5,2024,17,25,6,2024,44,6,1,0,0,0,0,0,0,1,0,0
FS,4/05/2024,17/06/2024,spain-fs-pt-75,4,18,5,2024,17,25,6,2024,44,6,1,0,0,0,0,0,0,1,0,0
FS,12/05/2023,26/06/2023,spain-fs-pt-45,12,19,5,2023,26,26,6,2023,45,6,1,0,0,0,0,0,0,1,0,0
FS,12/05/2023,26/06/2023,spain-fs-pt-45,12,19,5,2023,26,26,6,2023,45,6,1,0,0,0,0,0,0,1,0,0
FS,3/05/2024,17/06/2024,spain-fs-pt-75,3,18,5,2024,17,25,6,2024,45,6,1,0,0,0,0,0,0,1,0,0
DS,24/05/2024,8/07/2024,spain-ds-pt-9,24,21,5,2024,8,28,7,2024,45,6,1,0,0,0,0,0,0,1,0,0
DS,23/05/2024,8/07/2024,spain-ds-pt-9,23,21,5,2024,8,28,7,2024,46,6,1,0,0,0,0,0,0,1,0,0
DS,23/05/2024,8/07/2024,spain-ds-pt-9,23,21,5,2024,8,28,7,2024,46,6,1,0,0,0,0,0,0,1,0,0
FS,29/05/2024,15/07/2024,spain-fs-pt-77,29,22,5,2024,15,29,7,2024,47,6,1,0,0,0,0,0,0,1,0,0
FS,29/05/2024,15/07/2024,spain-fs-pt-77,29,22,5,2024,15,29,7,2024,47,6,1,0,0,0,0,0,0,1,0,0
FS,27/05/2024,15/07/2024,spain-fs-pt-77,27,22,5,2024,15,29,7,2024,49,7,1,0,0,0,0,0,0,0,1,0
FS,24/05/2024,15/07/2024,spain-fs-pt-77,24,21,5,2024,15,29,7,2024,52,7,1,0,0,0,0,0,0,0,1,0
FS,24/05/2024,15/07/2024,spain-fs-pt-77,24,21,5,2024,15,29,7,2024,52,7,1,0,0,0,0,0,0,0,1,0
FS,24/05/2024,15/07/2024,spain-fs-pt-77,24,21,5,2024,15,29,7,2024,52,7,1,0,0,0,0,0,0,0,1,0
FS,31/05/2024,22/07/2024,spain-fs-pt-78,31,22,5,2024,22,30,7,2024,52,7,1,0,0,0,0,0,0,0,1,0
FS,26/05/2023,18/07/2023,spain-fs-pt-46,26,21,5,2023,18,29,7,2023,53,7,1,0,0,0,0,0,0,0,1,0
FS,23/05/2024,15/07/2024,spain-fs-pt-77,23,21,5,2024,15,29,7,2024,53,7,1,0,0,0,0,0,0,0,1,0
FS,31/05/2023,24/07/2023,spain-fs-pt-47,31,22,5,2023,24,30,7,2023,54,7,1,0,0,0,0,0,0,0,1,0
FS,29/05/2023,24/07/2023,spain-fs-pt-47,29,22,5,2023,24,30,7,2023,56,7,1,0,0,0,0,0,0,0,1,0
FS,17/05/2024,15/07/2024,spain-fs-pt-77,17,20,5,2024,15,29,7,2024,59,8,1,0,0,0,0,0,0,0,0,1
DS,8/05/2024,8/07/2024,spain-ds-pt-9,8,19,5,2024,8,28,7,2024,61,8,2,0,0,0,0,0,0,0,0,1
FS,10/05/2023,18/07/2023,spain-fs-pt-46,10,19,5,2023,18,29,7,2023,69,9,2,0,0,0,0,0,0,0,0,1
FS,3/05/2024,15/07/2024,spain-fs-pt-77,3,18,5,2024,15,29,7,2024,73,10,2,0,0,0,0,0,0,0,0,1
FS,6/05/2024,22/07/2024,spain-fs-pt-78,6,19,5,2024,22,30,7,2024,77,11,2,0,0,0,0,0,0,0,0,1
FS,31/05/2023,11/09/2023,spain-fs-pt-48,31,22,5,2023,11,37,9,2023,103,14,3,0,0,0,0,0,0,0,0,1
FS,26/05/2023,11/09/2023,spain-fs-pt-48,26,21,5,2023,11,37,9,2023,108,15,3,0,0,0,0,0,0,0,0,1
DS,31/05/2023,18/09/2023,spain-ds-pt-2,31,22,5,2023,18,38,9,2023,110,15,3,0,0,0,0,0,0,0,0,1
FS,29/05/2024,16/09/2024,spain-fs-pt-81,29,22,5,2024,16,38,9,2024,110,15,3,0,0,0,0,0,0,0,0,1
FS,28/05/2024,16/09/2024,spain-fs-pt-81,28,22,5,2024,16,38,9,2024,111,15,3,0,0,0,0,0,0,0,0,1
FS,27/05/2024,16/09/2024,spain-fs-pt-82,27,22,5,2024,16,38,9,2024,112,16,3,0,0,0,0,0,0,0,0,1
FS,25/05/2024,16/09/2024,spain-fs-pt-82,25,21,5,2024,16,38,9,2024,114,16,3,0,0,0,0,0,0,0,0,1
DS,26/05/2023,18/09/2023,spain-ds-pt-2,26,21,5,2023,18,38,9,2023,115,16,3,0,0,0,0,0,0,0,0,1
FS,23/05/2024,16/09/2024,spain-fs-pt-82,23,21,5,2024,16,38,9,2024,116,16,3,0,0,0,0,0,0,0,0,1
FS,23/05/2024,16/09/2024,spain-fs-pt-81,23,21,5,2024,16,38,9,2024,116,16,3,0,0,0,0,0,0,0,0,1
FS,22/05/2024,16/09/2024,spain-fs-pt-81,22,21,5,2024,16,38,9,2024,117,16,3,0,0,0,0,0,0,0,0,1
FS,20/05/2024,16/09/2024,spain-fs-pt-81,20,21,5,2024,16,38,9,2024,119,17,3,0,0,0,0,0,0,0,0,1
DS,18/05/2024,16/09/2024,spain-ds-pt-10,18,20,5,2024,16,38,9,2024,121,17,4,0,0,0,0,0,0,0,0,1
DS,19/05/2023,18/09/2023,spain-ds-pt-2,19,20,5,2023,18,38,9,2023,122,17,4,0,0,0,0,0,0,0,0,1
DS,19/05/2023,18/09/2023,spain-ds-pt-2,19,20,5,2023,18,38,9,2023,122,17,4,0,0,0,0,0,0,0,0,1
FS,17/05/2024,16/09/2024,spain-fs-pt-82,17,20,5,2024,16,38,9,2024,122,17,4,0,0,0,0,0,0,0,0,1
FS,21/05/2024,23/09/2024,spain-fs-pt-83,21,21,5,2024,23,39,9,2024,125,17,4,0,0,0,0,0,0,0,0,1
CS,20/05/2024,23/09/2024,spain-cs-pt-1,20,21,5,2024,23,39,9,2024,126,18,4,0,0,0,0,0,0,0,0,1
FS,4/05/2023,11/09/2023,spain-fs-pt-49,4,18,5,2023,11,37,9,2023,130,18,4,0,0,0,0,0,0,0,0,1
FS,8/05/2024,16/09/2024,spain-fs-pt-82,8,19,5,2024,16,38,9,2024,131,18,4,0,0,0,0,0,0,0,0,1
FS,22/05/2024,30/09/2024,spain-fs-pt-84,22,21,5,2024,30,40,9,2024,131,18,4,0,0,0,0,0,0,0,0,1
FS,6/05/2024,16/09/2024,spain-fs-pt-81,6,19,5,2024,16,38,9,2024,133,19,4,0,0,0,0,0,0,0,0,1
CS,13/05/2024,23/09/2024,spain-cs-pt-1,13,20,5,2024,23,39,9,2024,133,19,4,0,0,0,0,0,0,0,0,1
FS,3/05/2024,16/09/2024,spain-fs-pt-81,3,18,5,2024,16,38,9,2024,136,19,4,0,0,0,0,0,0,0,0,1
FS,31/05/2024,28/10/2024,spain-fs-pt-89,31,22,5,2024,28,44,10,2024,150,21,5,0,0,0,0,0,0,0,0,1
FS,24/05/2024,29/10/2024,spain-fs-pt-91,24,21,5,2024,29,44,10,2024,158,22,5,0,0,0,0,0,0,0,0,1
FS,31/05/2023,6/11/2023,spain-fs-pt-53,31,22,5,2023,6,45,11,2023,159,22,5,0,0,0,0,0,0,0,0,1
FS,22/05/2024,28/10/2024,spain-fs-pt-89,22,21,5,2024,28,44,10,2024,159,22,5,0,0,0,0,0,0,0,0,1
FS,30/05/2024,11/11/2024,spain-fs-pt-92,30,22,5,2024,11,46,11,2024,165,23,5,0,0,0,0,0,0,0,0,1
FS,22/05/2024,11/11/2024,spain-fs-pt-92,22,21,5,2024,11,46,11,2024,173,24,5,0,0,0,0,0,0,0,0,1
FS,21/05/2024,27/01/2025,spain-fs-pt-enero-13/01,21,21,5,2024,27,5,1,2025,251,35,8,0,0,0,0,0,0,0,0,1
FS,26/05/2023,14/05/2024,spain-fs-pt-72,26,21,5,2023,14,20,5,2024,354,50,11,0,0,0,0,0,0,0,0,1
FS,14/06/2023,26/06/2023,spain-fs-pt-45,14,24,6,2023,26,26,6,2023,12,1,0,0,1,0,0,0,0,0,0,0
DS,26/06/2024,8/07/2024,spain-ds-pt-9,26,26,6,2024,8,28,7,2024,12,1,0,0,1,0,0,0,0,0,0,0
FS,3/06/2024,17/06/2024,spain-fs-pt-76,3,23,6,2024,17,25,6,2024,14,2,0,0,0,1,0,0,0,0,0,0
DS,21/06/2024,8/07/2024,spain-ds-pt-9,21,25,6,2024,8,28,7,2024,17,2,0,0,0,1,0,0,0,0,0,0
DS,21/06/2024,8/07/2024,spain-ds-pt-9,21,25,6,2024,8,28,7,2024,17,2,0,0,0,1,0,0,0,0,0,0
DS,21/06/2024,8/07/2024,spain-ds-pt-9,21,25,6,2024,8,28,7,2024,17,2,0,0,0,1,0,0,0,0,0,0
FS,30/06/2023,18/07/2023,spain-fs-pt-46,30,26,6,2023,18,29,7,2023,18,2,0,0,0,1,0,0,0,0,0,0
FS,30/06/2023,18/07/2023,spain-fs-pt-46,30,26,6,2023,18,29,7,2023,18,2,0,0,0,1,0,0,0,0,0,0
FS,30/06/2023,24/07/2023,spain-fs-pt-47,30,26,6,2023,24,30,7,2023,24,3,0,0,0,0,1,0,0,0,0,0
FS,30/06/2023,24/07/2023,spain-fs-pt-47,30,26,6,2023,24,30,7,2023,24,3,0,0,0,0,1,0,0,0,0,0
FS,27/06/2023,24/07/2023,spain-fs-pt-47,27,26,6,2023,24,30,7,2023,27,3,0,0,0,0,1,0,0,0,0,0
FS,25/06/2024,22/07/2024,spain-fs-pt-78,25,26,6,2024,22,30,7,2024,27,3,0,0,0,0,1,0,0,0,0,0
FS,11/06/2024,22/07/2024,spain-fs-pt-78,11,24,6,2024,22,30,7,2024,41,5,1,0,0,0,0,0,1,0,0,0
FS,10/06/2024,22/07/2024,spain-fs-pt-78,10,24,6,2024,22,30,7,2024,42,6,1,0,0,0,0,0,0,1,0,0
FS,7/06/2024,22/07/2024,spain-fs-pt-78,7,23,6,2024,22,30,7,2024,45,6,1,0,0,0,0,0,0,1,0,0
FS,6/06/2024,22/07/2024,spain-fs-pt-78,6,23,6,2024,22,30,7,2024,46,6,1,0,0,0,0,0,0,1,0,0
FS,5/06/2024,22/07/2024,spain-fs-pt-78,5,23,6,2024,22,30,7,2024,47,6,1,0,0,0,0,0,0,1,0,0
FS,5/06/2024,22/07/2024,spain-fs-pt-78,5,23,6,2024,22,30,7,2024,47,6,1,0,0,0,0,0,0,1,0,0
FS,4/06/2024,22/07/2024,spain-fs-pt-78,4,23,6,2024,22,30,7,2024,48,6,1,0,0,0,0,0,0,1,0,0
FS,4/06/2024,22/07/2024,spain-fs-pt-78,4,23,6,2024,22,30,7,2024,48,6,1,0,0,0,0,0,0,1,0,0
FS,4/06/2024,22/07/2024,spain-fs-pt-78,4,23,6,2024,22,30,7,2024,48,6,1,0,0,0,0,0,0,1,0,0
FS,3/06/2024,22/07/2024,spain-fs-pt-78,3,23,6,2024,22,30,7,2024,49,7,1,0,0,0,0,0,0,0,1,0
FS,3/06/2024,22/07/2024,spain-fs-pt-78,3,23,6,2024,22,30,7,2024,49,7,1,0,0,0,0,0,0,0,1,0
FS,28/06/2024,2/09/2024,spain-fs-pt-79,28,26,6,2024,2,36,9,2024,66,9,2,0,0,0,0,0,0,0,0,1
FS,27/06/2024,2/09/2024,spain-fs-pt-79,27,26,6,2024,2,36,9,2024,67,9,2,0,0,0,0,0,0,0,0,1
FS,26/06/2024,2/09/2024,spain-fs-pt-79,26,26,6,2024,2,36,9,2024,68,9,2,0,0,0,0,0,0,0,0,1
FS,24/06/2024,2/09/2024,spain-fs-pt-79,24,26,6,2024,2,36,9,2024,70,10,2,0,0,0,0,0,0,0,0,1
FS,21/06/2024,2/09/2024,spain-fs-pt-79,21,25,6,2024,2,36,9,2024,73,10,2,0,0,0,0,0,0,0,0,1
FS,21/06/2024,2/09/2024,spain-fs-pt-79,21,25,6,2024,2,36,9,2024,73,10,2,0,0,0,0,0,0,0,0,1
FS,21/06/2024,2/09/2024,spain-fs-pt-79,21,25,6,2024,2,36,9,2024,73,10,2,0,0,0,0,0,0,0,0,1
FS,20/06/2024,2/09/2024,spain-fs-pt-79,20,25,6,2024,2,36,9,2024,74,10,2,0,0,0,0,0,0,0,0,1
FS,27/06/2023,11/09/2023,spain-fs-pt-49,27,26,6,2023,11,37,9,2023,76,10,2,0,0,0,0,0,0,0,0,1
FS,27/06/2023,11/09/2023,spain-fs-pt-48,27,26,6,2023,11,37,9,2023,76,10,2,0,0,0,0,0,0,0,0,1
FS,28/06/2024,16/09/2024,spain-fs-pt-82,28,26,6,2024,16,38,9,2024,80,11,2,0,0,0,0,0,0,0,0,1
DS,26/06/2024,16/09/2024,spain-ds-pt-10,26,26,6,2024,16,38,9,2024,82,11,2,0,0,0,0,0,0,0,0,1
FS,26/06/2024,16/09/2024,spain-fs-pt-82,26,26,6,2024,16,38,9,2024,82,11,2,0,0,0,0,0,0,0,0,1
FS,20/06/2023,11/09/2023,spain-fs-pt-49,20,25,6,2023,11,37,9,2023,83,11,2,0,0,0,0,0,0,0,0,1
FS,18/06/2024,9/09/2024,spain-fs-pt-80,18,25,6,2024,9,37,9,2024,83,11,2,0,0,0,0,0,0,0,0,1
DS,25/06/2024,16/09/2024,spain-ds-pt-10,25,26,6,2024,16,38,9,2024,83,11,2,0,0,0,0,0,0,0,0,1
FS,25/06/2024,16/09/2024,spain-fs-pt-82,25,26,6,2024,16,38,9,2024,83,11,2,0,0,0,0,0,0,0,0,1
DS,24/06/2024,16/09/2024,spain-ds-pt-10,24,26,6,2024,16,38,9,2024,84,12,2,0,0,0,0,0,0,0,0,1
FS,21/06/2024,16/09/2024,spain-fs-pt-82,21,25,6,2024,16,38,9,2024,87,12,2,0,0,0,0,0,0,0,0,1
FS,19/06/2024,16/09/2024,spain-fs-pt-81,19,25,6,2024,16,38,9,2024,89,12,2,0,0,0,0,0,0,0,0,1
FS,14/06/2024,16/09/2024,spain-fs-pt-81,14,24,6,2024,16,38,9,2024,94,13,3,0,0,0,0,0,0,0,0,1
CS,21/06/2024,23/09/2024,spain-cs-pt-1,21,25,6,2024,23,39,9,2024,94,13,3,0,0,0,0,0,0,0,0,1
DS,13/06/2024,16/09/2024,spain-ds-pt-10,13,24,6,2024,16,38,9,2024,95,13,3,0,0,0,0,0,0,0,0,1
CS,20/06/2024,23/09/2024,spain-cs-pt-1,20,25,6,2024,23,39,9,2024,95,13,3,0,0,0,0,0,0,0,0,1
DS,14/06/2023,18/09/2023,spain-ds-pt-2,14,24,6,2023,18,38,9,2023,96,13,3,0,0,0,0,0,0,0,0,1
DS,12/06/2024,16/09/2024,spain-ds-pt-10,12,24,6,2024,16,38,9,2024,96,13,3,0,0,0,0,0,0,0,0,1
DS,12/06/2024,16/09/2024,spain-ds-pt-10,12,24,6,2024,16,38,9,2024,96,13,3,0,0,0,0,0,0,0,0,1
DS,13/06/2023,18/09/2023,spain-ds-pt-2,13,24,6,2023,18,38,9,2023,97,13,3,0,0,0,0,0,0,0,0,1
DS,13/06/2023,18/09/2023,spain-ds-pt-2,13,24,6,2023,18,38,9,2023,97,13,3,0,0,0,0,0,0,0,0,1
DS,13/06/2023,18/09/2023,spain-ds-pt-2,13,24,6,2023,18,38,9,2023,97,13,3,0,0,0,0,0,0,0,0,1
DS,13/06/2023,18/09/2023,spain-ds-pt-2,13,24,6,2023,18,38,9,2023,97,13,3,0,0,0,0,0,0,0,0,1
CS,18/06/2024,23/09/2024,spain-cs-pt-1,18,25,6,2024,23,39,9,2024,97,13,3,0,0,0,0,0,0,0,0,1
FS,17/06/2024,23/09/2024,spain-fs-pt-83,17,25,6,2024,23,39,9,2024,98,14,3,0,0,0,0,0,0,0,0,1
CS,16/06/2024,23/09/2024,spain-cs-pt-1,16,25,6,2024,23,39,9,2024,99,14,3,0,0,0,0,0,0,0,0,1
FS,5/06/2024,16/09/2024,spain-fs-pt-81,5,23,6,2024,16,38,9,2024,103,14,3,0,0,0,0,0,0,0,0,1
DS,20/06/2023,2/10/2023,spain-ds-pt-3,20,25,6,2023,2,40,10,2023,104,14,3,0,0,0,0,0,0,0,0,1
DS,25/06/2024,7/10/2024,spain-ds-pt-11,25,26,6,2024,7,41,10,2024,104,14,3,0,0,0,0,0,0,0,0,1
CS,10/06/2024,23/09/2024,spain-cs-pt-1,10,24,6,2024,23,39,9,2024,105,15,3,0,0,0,0,0,0,0,0,1
FS,26/06/2024,14/10/2024,spain-fs-pt-86,26,26,6,2024,14,42,10,2024,110,15,3,0,0,0,0,0,0,0,0,1
CS,3/06/2024,23/09/2024,spain-cs-pt-1,3,23,6,2024,23,39,9,2024,112,16,3,0,0,0,0,0,0,0,0,1
FS,30/06/2023,23/10/2023,spain-fs-pt-52,30,26,6,2023,23,43,10,2023,115,16,3,0,0,0,0,0,0,0,0,1
CS,26/06/2024,21/10/2024,spain-cs-pt-2,26,26,6,2024,21,43,10,2024,117,16,3,0,0,0,0,0,0,0,0,1
CS,24/06/2024,21/10/2024,spain-cs-pt-2,24,26,6,2024,21,43,10,2024,119,17,3,0,0,0,0,0,0,0,0,1
FS,18/06/2024,28/10/2024,spain-fs-pt-88,18,25,6,2024,28,44,10,2024,132,18,4,0,0,0,0,0,0,0,0,1
FS,28/06/2024,2/12/2024,spain-fs-pt-95,28,26,6,2024,2,49,12,2024,157,22,5,0,0,0,0,0,0,0,0,1
FS,20/06/2024,25/11/2024,spain-fs-pt-93,20,25,6,2024,25,48,11,2024,158,22,5,0,0,0,0,0,0,0,0,1
FS,27/06/2024,27/01/2025,spain-fs-pt-enero-matutino-13/01,27,26,6,2024,27,5,1,2025,214,30,7,0,0,0,0,0,0,0,0,1
FS,13/07/2023,24/07/2023,spain-fs-pt-47,13,28,7,2023,24,30,7,2023,11,1,0,0,1,0,0,0,0,0,0,0
FS,11/07/2023,24/07/2023,spain-fs-pt-47,11,28,7,2023,24,30,7,2023,13,1,0,0,1,0,0,0,0,0,0,0
FS,6/07/2023,24/07/2023,spain-fs-pt-47,6,27,7,2023,24,30,7,2023,18,2,0,0,0,1,0,0,0,0,0,0
FS,4/07/2023,24/07/2023,spain-fs-pt-47,4,27,7,2023,24,30,7,2023,20,2,0,0,0,1,0,0,0,0,0,0
FS,31/07/2023,11/09/2023,spain-fs-pt-48,31,31,7,2023,11,37,9,2023,42,6,1,0,0,0,0,0,0,1,0,0
FS,21/07/2023,11/09/2023,spain-fs-pt-48,21,29,7,2023,11,37,9,2023,52,7,1,0,0,0,0,0,0,0,1,0
FS,19/07/2023,11/09/2023,spain-fs-pt-48,19,29,7,2023,11,37,9,2023,54,7,1,0,0,0,0,0,0,0,1,0
FS,31/07/2023,25/09/2023,spain-fs-pt-50,31,31,7,2023,25,39,9,2023,56,8,1,0,0,0,0,0,0,0,0,1
FS,15/07/2024,9/09/2024,spain-fs-pt-80,15,29,7,2024,9,37,9,2024,56,8,1,0,0,0,0,0,0,0,0,1
FS,14/07/2023,11/09/2023,spain-fs-pt-48,14,28,7,2023,11,37,9,2023,59,8,1,0,0,0,0,0,0,0,0,1
FS,28/07/2023,25/09/2023,spain-fs-pt-50,28,30,7,2023,25,39,9,2023,59,8,1,0,0,0,0,0,0,0,0,1
FS,12/07/2024,9/09/2024,spain-fs-pt-80,12,28,7,2024,9,37,9,2024,59,8,1,0,0,0,0,0,0,0,0,1
FS,11/07/2024,9/09/2024,spain-fs-pt-80,11,28,7,2024,9,37,9,2024,60,8,2,0,0,0,0,0,0,0,0,1
FS,11/07/2024,9/09/2024,spain-fs-pt-80,11,28,7,2024,9,37,9,2024,60,8,2,0,0,0,0,0,0,0,0,1
FS,3/07/2024,2/09/2024,spain-fs-pt-79,3,27,7,2024,2,36,9,2024,61,8,2,0,0,0,0,0,0,0,0,1
FS,10/07/2024,9/09/2024,spain-fs-pt-80,10,28,7,2024,9,37,9,2024,61,8,2,0,0,0,0,0,0,0,0,1
FS,10/07/2024,9/09/2024,spain-fs-pt-80,10,28,7,2024,9,37,9,2024,61,8,2,0,0,0,0,0,0,0,0,1
DS,17/07/2024,16/09/2024,spain-ds-pt-10,17,29,7,2024,16,38,9,2024,61,8,2,0,0,0,0,0,0,0,0,1
FS,31/07/2024,30/09/2024,spain-fs-pt-84,31,31,7,2024,30,40,9,2024,61,8,2,0,0,0,0,0,0,0,0,1
FS,25/07/2023,25/09/2023,spain-fs-pt-50,25,30,7,2023,25,39,9,2023,62,8,2,0,0,0,0,0,0,0,0,1
FS,9/07/2024,9/09/2024,spain-fs-pt-80,9,28,7,2024,9,37,9,2024,62,8,2,0,0,0,0,0,0,0,0,1
DS,16/07/2024,16/09/2024,spain-ds-pt-10,16,29,7,2024,16,38,9,2024,62,8,2,0,0,0,0,0,0,0,0,1
FS,10/07/2023,11/09/2023,spain-fs-pt-49,10,28,7,2023,11,37,9,2023,63,9,2,0,0,0,0,0,0,0,0,1
FS,10/07/2023,11/09/2023,spain-fs-pt-49,10,28,7,2023,11,37,9,2023,63,9,2,0,0,0,0,0,0,0,0,1
FS,10/07/2023,11/09/2023,spain-fs-pt-49,10,28,7,2023,11,37,9,2023,63,9,2,0,0,0,0,0,0,0,0,1
FS,24/07/2023,25/09/2023,spain-fs-pt-50,24,30,7,2023,25,39,9,2023,63,9,2,0,0,0,0,0,0,0,0,1
FS,24/07/2023,25/09/2023,spain-fs-pt-50,24,30,7,2023,25,39,9,2023,63,9,2,0,0,0,0,0,0,0,0,1
FS,1/07/2024,2/09/2024,spain-fs-pt-79,1,27,7,2024,2,36,9,2024,63,9,2,0,0,0,0,0,0,0,0,1
FS,1/07/2024,2/09/2024,spain-fs-pt-79,1,27,7,2024,2,36,9,2024,63,9,2,0,0,0,0,0,0,0,0,1
FS,8/07/2024,9/09/2024,spain-fs-pt-80,8,28,7,2024,9,37,9,2024,63,9,2,0,0,0,0,0,0,0,0,1
FS,8/07/2024,9/09/2024,spain-fs-pt-80,8,28,7,2024,9,37,9,2024,63,9,2,0,0,0,0,0,0,0,0,1
FS,8/07/2024,9/09/2024,spain-fs-pt-80,8,28,7,2024,9,37,9,2024,63,9,2,0,0,0,0,0,0,0,0,1
FS,8/07/2024,9/09/2024,spain-fs-pt-80,8,28,7,2024,9,37,9,2024,63,9,2,0,0,0,0,0,0,0,0,1
FS,22/07/2024,23/09/2024,spain-fs-pt-83,22,30,7,2024,23,39,9,2024,63,9,2,0,0,0,0,0,0,0,0,1
FS,29/07/2024,30/09/2024,spain-fs-pt-84,29,31,7,2024,30,40,9,2024,63,9,2,0,0,0,0,0,0,0,0,1
DS,31/07/2023,2/10/2023,spain-ds-pt-3,31,31,7,2023,2,40,10,2023,63,9,2,0,0,0,0,0,0,0,0,1
DS,12/07/2024,16/09/2024,spain-ds-pt-10,12,28,7,2024,16,38,9,2024,66,9,2,0,0,0,0,0,0,0,0,1
FS,19/07/2024,23/09/2024,spain-fs-pt-83,19,29,7,2024,23,39,9,2024,66,9,2,0,0,0,0,0,0,0,0,1
FS,26/07/2024,30/09/2024,spain-fs-pt-84,26,30,7,2024,30,40,9,2024,66,9,2,0,0,0,0,0,0,0,0,1
FS,4/07/2024,9/09/2024,spain-fs-pt-80,4,27,7,2024,9,37,9,2024,67,9,2,0,0,0,0,0,0,0,0,1
FS,18/07/2024,23/09/2024,spain-fs-pt-83,18,29,7,2024,23,39,9,2024,67,9,2,0,0,0,0,0,0,0,0,1
FS,18/07/2024,23/09/2024,spain-fs-pt-83,18,29,7,2024,23,39,9,2024,67,9,2,0,0,0,0,0,0,0,0,1
FS,18/07/2024,23/09/2024,spain-fs-pt-83,18,29,7,2024,23,39,9,2024,67,9,2,0,0,0,0,0,0,0,0,1
FS,25/07/2024,30/09/2024,spain-fs-pt-84,25,30,7,2024,30,40,9,2024,67,9,2,0,0,0,0,0,0,0,0,1
FS,3/07/2024,9/09/2024,spain-fs-pt-80,3,27,7,2024,9,37,9,2024,68,9,2,0,0,0,0,0,0,0,0,1
FS,17/07/2024,23/09/2024,spain-fs-pt-83,17,29,7,2024,23,39,9,2024,68,9,2,0,0,0,0,0,0,0,0,1
FS,17/07/2024,23/09/2024,spain-fs-pt-83,17,29,7,2024,23,39,9,2024,68,9,2,0,0,0,0,0,0,0,0,1
FS,17/07/2024,23/09/2024,spain-fs-pt-83,17,29,7,2024,23,39,9,2024,68,9,2,0,0,0,0,0,0,0,0,1
FS,24/07/2024,30/09/2024,spain-fs-pt-84,24,30,7,2024,30,40,9,2024,68,9,2,0,0,0,0,0,0,0,0,1
FS,24/07/2024,30/09/2024,spain-fs-pt-84,24,30,7,2024,30,40,9,2024,68,9,2,0,0,0,0,0,0,0,0,1
FS,2/07/2024,9/09/2024,spain-fs-pt-80,2,27,7,2024,9,37,9,2024,69,9,2,0,0,0,0,0,0,0,0,1
FS,16/07/2024,23/09/2024,spain-fs-pt-83,16,29,7,2024,23,39,9,2024,69,9,2,0,0,0,0,0,0,0,0,1
FS,15/07/2024,23/09/2024,spain-fs-pt-83,15,29,7,2024,23,39,9,2024,70,10,2,0,0,0,0,0,0,0,0,1
FS,20/07/2024,30/09/2024,spain-fs-pt-84,20,29,7,2024,30,40,9,2024,72,10,2,0,0,0,0,0,0,0,0,1
CS,12/07/2024,23/09/2024,spain-cs-pt-1,12,28,7,2024,23,39,9,2024,73,10,2,0,0,0,0,0,0,0,0,1
FS,12/07/2024,23/09/2024,spain-fs-pt-83,12,28,7,2024,23,39,9,2024,73,10,2,0,0,0,0,0,0,0,0,1
FS,19/07/2024,30/09/2024,spain-fs-pt-84,19,29,7,2024,30,40,9,2024,73,10,2,0,0,0,0,0,0,0,0,1
DS,4/07/2024,16/09/2024,spain-ds-pt-10,4,27,7,2024,16,38,9,2024,74,10,2,0,0,0,0,0,0,0,0,1
CS,11/07/2024,23/09/2024,spain-cs-pt-1,11,28,7,2024,23,39,9,2024,74,10,2,0,0,0,0,0,0,0,0,1
DS,20/07/2023,2/10/2023,spain-ds-pt-3,20,29,7,2023,2,40,10,2023,74,10,2,0,0,0,0,0,0,0,0,1
DS,20/07/2023,2/10/2023,spain-ds-pt-3,20,29,7,2023,2,40,10,2023,74,10,2,0,0,0,0,0,0,0,0,1
DS,20/07/2023,2/10/2023,spain-ds-pt-3,20,29,7,2023,2,40,10,2023,74,10,2,0,0,0,0,0,0,0,0,1
FS,10/07/2024,23/09/2024,spain-fs-pt-83,10,28,7,2024,23,39,9,2024,75,10,2,0,0,0,0,0,0,0,0,1
FS,31/07/2024,14/10/2024,spain-fs-pt-86,31,31,7,2024,14,42,10,2024,75,10,2,0,0,0,0,0,0,0,0,1
DS,2/07/2024,16/09/2024,spain-ds-pt-10,2,27,7,2024,16,38,9,2024,76,10,2,0,0,0,0,0,0,0,0,1
DS,2/07/2024,16/09/2024,spain-ds-pt-10,2,27,7,2024,16,38,9,2024,76,10,2,0,0,0,0,0,0,0,0,1
FS,2/07/2024,16/09/2024,spain-fs-pt-82,2,27,7,2024,16,38,9,2024,76,10,2,0,0,0,0,0,0,0,0,1
FS,23/07/2024,7/10/2024,spain-fs-pt-85,23,30,7,2024,7,41,10,2024,76,10,2,0,0,0,0,0,0,0,0,1
FS,1/07/2024,16/09/2024,spain-fs-pt-82,1,27,7,2024,16,38,9,2024,77,11,2,0,0,0,0,0,0,0,0,1
CS,8/07/2024,23/09/2024,spain-cs-pt-1,8,28,7,2024,23,39,9,2024,77,11,2,0,0,0,0,0,0,0,0,1
CS,8/07/2024,23/09/2024,spain-cs-pt-1,8,28,7,2024,23,39,9,2024,77,11,2,0,0,0,0,0,0,0,0,1
DS,17/07/2023,2/10/2023,spain-ds-pt-3,17,29,7,2023,2,40,10,2023,77,11,2,0,0,0,0,0,0,0,0,1
DS,20/07/2024,7/10/2024,spain-ds-pt-11,20,29,7,2024,7,41,10,2024,79,11,2,0,0,0,0,0,0,0,0,1
DS,19/07/2024,7/10/2024,spain-ds-pt-11,19,29,7,2024,7,41,10,2024,80,11,2,0,0,0,0,0,0,0,0,1
CS,31/07/2024,21/10/2024,spain-cs-pt-2,31,31,7,2024,21,43,10,2024,82,11,2,0,0,0,0,0,0,0,0,1
DS,16/07/2024,7/10/2024,spain-ds-pt-11,16,29,7,2024,7,41,10,2024,83,11,2,0,0,0,0,0,0,0,0,1
CS,30/07/2024,21/10/2024,spain-cs-pt-2,30,31,7,2024,21,43,10,2024,83,11,2,0,0,0,0,0,0,0,0,1
CS,29/07/2024,21/10/2024,spain-cs-pt-2,29,31,7,2024,21,43,10,2024,84,12,2,0,0,0,0,0,0,0,0,1
DS,7/07/2023,2/10/2023,spain-ds-pt-3,7,27,7,2023,2,40,10,2023,87,12,2,0,0,0,0,0,0,0,0,1
FS,28/07/2023,23/10/2023,spain-fs-pt-52,28,30,7,2023,23,43,10,2023,87,12,2,0,0,0,0,0,0,0,0,1
FS,19/07/2024,14/10/2024,spain-fs-pt-86,19,29,7,2024,14,42,10,2024,87,12,2,0,0,0,0,0,0,0,0,1
FS,19/07/2024,14/10/2024,spain-fs-pt-86,19,29,7,2024,14,42,10,2024,87,12,2,0,0,0,0,0,0,0,0,1
FS,19/07/2024,14/10/2024,spain-fs-pt-86,19,29,7,2024,14,42,10,2024,87,12,2,0,0,0,0,0,0,0,0,1
FS,3/07/2024,30/09/2024,spain-fs-pt-84,3,27,7,2024,30,40,9,2024,89,12,2,0,0,0,0,0,0,0,0,1
DS,5/07/2023,2/10/2023,spain-ds-pt-3,5,27,7,2023,2,40,10,2023,89,12,2,0,0,0,0,0,0,0,0,1
FS,17/07/2024,14/10/2024,spain-fs-pt-86,17,29,7,2024,14,42,10,2024,89,12,2,0,0,0,0,0,0,0,0,1
CS,24/07/2024,21/10/2024,spain-cs-pt-2,24,30,7,2024,21,43,10,2024,89,12,2,0,0,0,0,0,0,0,0,1
FS,31/07/2024,28/10/2024,spain-fs-pt-88,31,31,7,2024,28,44,10,2024,89,12,2,0,0,0,0,0,0,0,0,1
FS,31/07/2024,28/10/2024,spain-fs-pt-88,31,31,7,2024,28,44,10,2024,89,12,2,0,0,0,0,0,0,0,0,1
DS,4/07/2023,2/10/2023,spain-ds-pt-3,4,27,7,2023,2,40,10,2023,90,12,3,0,0,0,0,0,0,0,0,1
FS,29/07/2024,28/10/2024,spain-fs-pt-88,29,31,7,2024,28,44,10,2024,91,13,3,0,0,0,0,0,0,0,0,1
FS,29/07/2024,28/10/2024,spain-fs-pt-88,29,31,7,2024,28,44,10,2024,91,13,3,0,0,0,0,0,0,0,0,1
FS,13/07/2024,14/10/2024,spain-fs-pt-86,13,28,7,2024,14,42,10,2024,93,13,3,0,0,0,0,0,0,0,0,1
CS,19/07/2024,21/10/2024,spain-cs-pt-2,19,29,7,2024,21,43,10,2024,94,13,3,0,0,0,0,0,0,0,0,1
FS,18/07/2023,23/10/2023,spain-fs-pt-52,18,29,7,2023,23,43,10,2023,97,13,3,0,0,0,0,0,0,0,0,1
FS,8/07/2024,14/10/2024,spain-fs-pt-86,8,28,7,2024,14,42,10,2024,98,14,3,0,0,0,0,0,0,0,0,1
FS,14/07/2023,23/10/2023,spain-fs-pt-52,14,28,7,2023,23,43,10,2023,101,14,3,0,0,0,0,0,0,0,0,1
CS,12/07/2024,21/10/2024,spain-cs-pt-2,12,28,7,2024,21,43,10,2024,101,14,3,0,0,0,0,0,0,0,0,1
FS,13/07/2023,23/10/2023,spain-fs-pt-52,13,28,7,2023,23,43,10,2023,102,14,3,0,0,0,0,0,0,0,0,1
FS,17/07/2024,28/10/2024,spain-fs-pt-88,17,29,7,2024,28,44,10,2024,103,14,3,0,0,0,0,0,0,0,0,1
FS,26/07/2023,6/11/2023,spain-fs-pt-53,26,30,7,2023,6,45,11,2023,103,14,3,0,0,0,0,0,0,0,0,1
FS,1/07/2024,14/10/2024,spain-fs-pt-87,1,27,7,2024,14,42,10,2024,105,15,3,0,0,0,0,0,0,0,0,1
FS,1/07/2024,14/10/2024,spain-fs-pt-87,1,27,7,2024,14,42,10,2024,105,15,3,0,0,0,0,0,0,0,0,1
FS,9/07/2024,28/10/2024,spain-fs-pt-90,9,28,7,2024,28,44,10,2024,111,15,3,0,0,0,0,0,0,0,0,1
FS,31/07/2024,2/12/2024,spain-fs-pt-94,31,31,7,2024,2,49,12,2024,124,17,4,0,0,0,0,0,0,0,0,1
DS,9/07/2024,18/11/2024,spain-ds-pt-12,9,28,7,2024,18,47,11,2024,132,18,4,0,0,0,0,0,0,0,0,1
FS,26/07/2023,22/01/2024,spain-fs-pt-59,26,30,7,2023,22,4,1,2024,180,25,6,0,0,0,0,0,0,0,0,1
DS,31/07/2024,27/01/2025,spain-ds-pt-enero-13/01,31,31,7,2024,27,5,1,2025,180,25,6,0,0,0,0,0,0,0,0,1
FS,12/07/2023,22/01/2024,spain-fs-pt-60,12,28,7,2023,22,4,1,2024,194,27,6,0,0,0,0,0,0,0,0,1
FS,8/07/2024,10/02/2025,spain-fs-pt-enero-matutino-27/01,8,28,7,2024,10,7,2,2025,217,31,7,0,0,0,0,0,0,0,0,1
FS,29/08/2023,11/09/2023,spain-fs-pt-49,29,35,8,2023,11,37,9,2023,13,1,0,0,1,0,0,0,0,0,0,0
FS,24/08/2023,11/09/2023,spain-fs-pt-49,24,34,8,2023,11,37,9,2023,18,2,0,0,0,1,0,0,0,0,0,0
FS,23/08/2023,11/09/2023,spain-fs-pt-49,23,34,8,2023,11,37,9,2023,19,2,0,0,0,1,0,0,0,0,0,0
FS,22/08/2023,11/09/2023,spain-fs-pt-49,22,34,8,2023,11,37,9,2023,20,2,0,0,0,1,0,0,0,0,0,0
FS,22/08/2024,23/09/2024,spain-fs-pt-83,22,34,8,2024,23,39,9,2024,32,4,1,0,0,0,0,1,0,0,0,0
FS,21/08/2024,23/09/2024,spain-fs-pt-83,21,34,8,2024,23,39,9,2024,33,4,1,0,0,0,0,1,0,0,0,0
DS,30/08/2023,2/10/2023,spain-ds-pt-3,30,35,8,2023,2,40,10,2023,33,4,1,0,0,0,0,1,0,0,0,0
FS,8/08/2023,11/09/2023,spain-fs-pt-48,8,32,8,2023,11,37,9,2023,34,4,1,0,0,0,0,1,0,0,0,0
FS,22/08/2023,25/09/2023,spain-fs-pt-50,22,34,8,2023,25,39,9,2023,34,4,1,0,0,0,0,1,0,0,0,0
FS,4/08/2023,11/09/2023,spain-fs-pt-48,4,31,8,2023,11,37,9,2023,38,5,1,0,0,0,0,0,1,0,0,0
FS,30/08/2024,7/10/2024,spain-fs-pt-85,30,35,8,2024,7,41,10,2024,38,5,1,0,0,0,0,0,1,0,0,0
FS,30/08/2024,7/10/2024,spain-fs-pt-85,30,35,8,2024,7,41,10,2024,38,5,1,0,0,0,0,0,1,0,0,0
FS,30/08/2024,7/10/2024,spain-fs-pt-85,30,35,8,2024,7,41,10,2024,38,5,1,0,0,0,0,0,1,0,0,0
FS,29/08/2024,7/10/2024,spain-fs-pt-85,29,35,8,2024,7,41,10,2024,39,5,1,0,0,0,0,0,1,0,0,0
FS,29/08/2024,7/10/2024,spain-fs-pt-85,29,35,8,2024,7,41,10,2024,39,5,1,0,0,0,0,0,1,0,0,0
FS,28/08/2024,7/10/2024,spain-fs-pt-85,28,35,8,2024,7,41,10,2024,40,5,1,0,0,0,0,0,1,0,0,0
FS,28/08/2024,7/10/2024,spain-fs-pt-85,28,35,8,2024,7,41,10,2024,40,5,1,0,0,0,0,0,1,0,0,0
FS,15/08/2023,25/09/2023,spain-fs-pt-50,15,33,8,2023,25,39,9,2023,41,5,1,0,0,0,0,0,1,0,0,0
FS,6/08/2024,16/09/2024,spain-fs-pt-82,6,32,8,2024,16,38,9,2024,41,5,1,0,0,0,0,0,1,0,0,0
FS,23/08/2024,7/10/2024,spain-fs-pt-85,23,34,8,2024,7,41,10,2024,45,6,1,0,0,0,0,0,0,1,0,0
FS,30/08/2024,14/10/2024,spain-fs-pt-87,30,35,8,2024,14,42,10,2024,45,6,1,0,0,0,0,0,0,1,0,0
FS,10/08/2023,25/09/2023,spain-fs-pt-50,10,32,8,2023,25,39,9,2023,46,6,1,0,0,0,0,0,0,1,0,0
DS,17/08/2023,2/10/2023,spain-ds-pt-3,17,33,8,2023,2,40,10,2023,46,6,1,0,0,0,0,0,0,1,0,0
FS,31/08/2023,16/10/2023,spain-fs-pt-51,31,35,8,2023,16,42,10,2023,46,6,1,0,0,0,0,0,0,1,0,0
DS,22/08/2024,7/10/2024,spain-ds-pt-11,22,34,8,2024,7,41,10,2024,46,6,1,0,0,0,0,0,0,1,0,0
FS,9/08/2023,25/09/2023,spain-fs-pt-50,9,32,8,2023,25,39,9,2023,47,6,1,0,0,0,0,0,0,1,0,0
FS,30/08/2023,16/10/2023,spain-fs-pt-51,30,35,8,2023,16,42,10,2023,47,6,1,0,0,0,0,0,0,1,0,0
FS,28/08/2023,16/10/2023,spain-fs-pt-51,28,35,8,2023,16,42,10,2023,49,7,1,0,0,0,0,0,0,0,1,0
FS,9/08/2024,30/09/2024,spain-fs-pt-84,9,32,8,2024,30,40,9,2024,52,7,1,0,0,0,0,0,0,0,1,0
FS,3/08/2023,25/09/2023,spain-fs-pt-50,3,31,8,2023,25,39,9,2023,53,7,1,0,0,0,0,0,0,0,1,0
FS,8/08/2024,30/09/2024,spain-fs-pt-84,8,32,8,2024,30,40,9,2024,53,7,1,0,0,0,0,0,0,0,1,0
FS,24/08/2023,16/10/2023,spain-fs-pt-51,24,34,8,2023,16,42,10,2023,53,7,1,0,0,0,0,0,0,0,1,0
FS,24/08/2023,16/10/2023,spain-fs-pt-51,24,34,8,2023,16,42,10,2023,53,7,1,0,0,0,0,0,0,0,1,0
FS,31/08/2023,23/10/2023,spain-fs-pt-52,31,35,8,2023,23,43,10,2023,53,7,1,0,0,0,0,0,0,0,1,0
FS,6/08/2024,30/09/2024,spain-fs-pt-84,6,32,8,2024,30,40,9,2024,55,7,1,0,0,0,0,0,0,0,1,0
FS,21/08/2023,16/10/2023,spain-fs-pt-51,21,34,8,2023,16,42,10,2023,56,8,1,0,0,0,0,0,0,0,0,1
FS,12/08/2024,7/10/2024,spain-fs-pt-85,12,33,8,2024,7,41,10,2024,56,8,1,0,0,0,0,0,0,0,0,1
CS,26/08/2024,21/10/2024,spain-cs-pt-2,26,35,8,2024,21,43,10,2024,56,8,1,0,0,0,0,0,0,0,0,1
FS,2/08/2024,30/09/2024,spain-fs-pt-84,2,31,8,2024,30,40,9,2024,59,8,1,0,0,0,0,0,0,0,0,1
FS,9/08/2024,7/10/2024,spain-fs-pt-85,9,32,8,2024,7,41,10,2024,59,8,1,0,0,0,0,0,0,0,0,1
FS,1/08/2024,30/09/2024,spain-fs-pt-84,1,31,8,2024,30,40,9,2024,60,8,2,0,0,0,0,0,0,0,0,1
DS,8/08/2024,7/10/2024,spain-ds-pt-11,8,32,8,2024,7,41,10,2024,60,8,2,0,0,0,0,0,0,0,0,1
CS,21/08/2024,21/10/2024,spain-cs-pt-2,21,34,8,2024,21,43,10,2024,61,8,2,0,0,0,0,0,0,0,0,1
FS,27/08/2024,28/10/2024,spain-fs-pt-88,27,35,8,2024,28,44,10,2024,62,8,2,0,0,0,0,0,0,0,0,1
DS,5/08/2024,7/10/2024,spain-ds-pt-11,5,32,8,2024,7,41,10,2024,63,9,2,0,0,0,0,0,0,0,0,1
FS,26/08/2024,28/10/2024,spain-fs-pt-88,26,35,8,2024,28,44,10,2024,63,9,2,0,0,0,0,0,0,0,0,1
FS,26/08/2024,28/10/2024,spain-fs-pt-88,26,35,8,2024,28,44,10,2024,63,9,2,0,0,0,0,0,0,0,0,1
FS,21/08/2024,29/10/2024,spain-fs-pt-91,21,34,8,2024,29,44,10,2024,69,9,2,0,0,0,0,0,0,0,0,1
FS,21/08/2024,29/10/2024,spain-fs-pt-91,21,34,8,2024,29,44,10,2024,69,9,2,0,0,0,0,0,0,0,0,1
FS,29/08/2023,6/11/2023,spain-fs-pt-53,29,35,8,2023,6,45,11,2023,69,9,2,0,0,0,0,0,0,0,0,1
FS,19/08/2024,28/10/2024,spain-fs-pt-88,19,34,8,2024,28,44,10,2024,70,10,2,0,0,0,0,0,0,0,0,1
CS,9/08/2024,21/10/2024,spain-cs-pt-2,9,32,8,2024,21,43,10,2024,73,10,2,0,0,0,0,0,0,0,0,1
FS,9/08/2023,23/10/2023,spain-fs-pt-52,9,32,8,2023,23,43,10,2023,75,10,2,0,0,0,0,0,0,0,0,1
FS,12/08/2024,29/10/2024,spain-fs-pt-91,12,33,8,2024,29,44,10,2024,78,11,2,0,0,0,0,0,0,0,0,1
FS,22/08/2024,11/11/2024,spain-fs-pt-92,22,34,8,2024,11,46,11,2024,81,11,2,0,0,0,0,0,0,0,0,1
FS,7/08/2024,28/10/2024,spain-fs-pt-88,7,32,8,2024,28,44,10,2024,82,11,2,0,0,0,0,0,0,0,0,1
FS,5/08/2024,28/10/2024,spain-fs-pt-88,5,32,8,2024,28,44,10,2024,84,12,2,0,0,0,0,0,0,0,0,1
DS,25/08/2023,20/11/2023,spain-ds-pt-4,25,34,8,2023,20,47,11,2023,87,12,2,0,0,0,0,0,0,0,0,1
FS,1/08/2024,28/10/2024,spain-fs-pt-88,1,31,8,2024,28,44,10,2024,88,12,2,0,0,0,0,0,0,0,0,1
FS,23/08/2024,2/12/2024,spain-fs-pt-94,23,34,8,2024,2,49,12,2024,101,14,3,0,0,0,0,0,0,0,0,1
FS,31/08/2023,11/12/2023,spain-fs-pt-56,31,35,8,2023,11,50,12,2023,102,14,3,0,0,0,0,0,0,0,0,1
DS,2/08/2023,20/11/2023,spain-ds-pt-4,2,31,8,2023,20,47,11,2023,110,15,3,0,0,0,0,0,0,0,0,1
DS,20/08/2024,9/12/2024,spain-ds-pt-13,20,34,8,2024,9,50,12,2024,111,15,3,0,0,0,0,0,0,0,0,1
FS,18/08/2023,11/12/2023,spain-fs-pt-56,18,33,8,2023,11,50,12,2023,115,16,3,0,0,0,0,0,0,0,0,1
FS,18/08/2023,22/01/2024,spain-fs-pt-59,18,33,8,2023,22,4,1,2024,157,22,5,0,0,0,0,0,0,0,0,1
CS,1/08/2024,13/01/2025,spain-cs-pt-enero-13/01,1,31,8,2024,13,3,1,2025,165,23,5,0,0,0,0,0,0,0,0,1
FS,22/08/2023,4/03/2024,spain-fs-pt-65,22,34,8,2023,4,10,3,2024,195,27,6,0,0,0,0,0,0,0,0,1
DS,23/08/2023,27/05/2024,spain-ds-pt-8,23,34,8,2023,27,22,5,2024,278,39,9,0,0,0,0,0,0,0,0,1
DS,4/09/2023,18/09/2023,spain-ds-pt-2,4,36,9,2023,18,38,9,2023,14,2,0,0,0,1,0,0,0,0,0,0
FS,23/09/2024,7/10/2024,spain-fs-pt-85,23,39,9,2024,7,41,10,2024,14,2,0,0,0,1,0,0,0,0,0,0
DS,19/09/2024,7/10/2024,spain-ds-pt-11,19,38,9,2024,7,41,10,2024,18,2,0,0,0,1,0,0,0,0,0,0
DS,17/09/2024,7/10/2024,spain-ds-pt-11,17,38,9,2024,7,41,10,2024,20,2,0,0,0,1,0,0,0,0,0,0
FS,25/09/2023,16/10/2023,spain-fs-pt-51,25,39,9,2023,16,42,10,2023,21,3,0,0,0,0,1,0,0,0,0,0
DS,16/09/2024,7/10/2024,spain-ds-pt-11,16,38,9,2024,7,41,10,2024,21,3,0,0,0,0,1,0,0,0,0,0
FS,22/09/2023,16/10/2023,spain-fs-pt-51,22,38,9,2023,16,42,10,2023,24,3,0,0,0,0,1,0,0,0,0,0
FS,10/09/2024,7/10/2024,spain-fs-pt-85,10,37,9,2024,7,41,10,2024,27,3,0,0,0,0,1,0,0,0,0,0
FS,16/09/2024,14/10/2024,spain-fs-pt-87,16,38,9,2024,14,42,10,2024,28,4,0,0,0,0,0,1,0,0,0,0
FS,30/09/2024,28/10/2024,spain-fs-pt-90,30,40,9,2024,28,44,10,2024,28,4,0,0,0,0,0,1,0,0,0,0
FS,14/09/2023,16/10/2023,spain-fs-pt-51,14,37,9,2023,16,42,10,2023,32,4,1,0,0,0,0,1,0,0,0,0
FS,12/09/2024,14/10/2024,spain-fs-pt-87,12,37,9,2024,14,42,10,2024,32,4,1,0,0,0,0,1,0,0,0,0
FS,26/09/2024,28/10/2024,spain-fs-pt-90,26,39,9,2024,28,44,10,2024,32,4,1,0,0,0,0,1,0,0,0,0
FS,13/09/2023,16/10/2023,spain-fs-pt-51,13,37,9,2023,16,42,10,2023,33,4,1,0,0,0,0,1,0,0,0,0
FS,25/09/2024,28/10/2024,spain-fs-pt-90,25,39,9,2024,28,44,10,2024,33,4,1,0,0,0,0,1,0,0,0,0
FS,25/09/2024,28/10/2024,spain-fs-pt-90,25,39,9,2024,28,44,10,2024,33,4,1,0,0,0,0,1,0,0,0,0
DS,3/09/2024,7/10/2024,spain-ds-pt-11,3,36,9,2024,7,41,10,2024,34,4,1,0,0,0,0,1,0,0,0,0
FS,24/09/2024,28/10/2024,spain-fs-pt-90,24,39,9,2024,28,44,10,2024,34,4,1,0,0,0,0,1,0,0,0,0
FS,24/09/2024,28/10/2024,spain-fs-pt-88,24,39,9,2024,28,44,10,2024,34,4,1,0,0,0,0,1,0,0,0,0
FS,25/09/2024,29/10/2024,spain-fs-pt-91,25,39,9,2024,29,44,10,2024,34,4,1,0,0,0,0,1,0,0,0,0
FS,11/09/2023,16/10/2023,spain-fs-pt-51,11,37,9,2023,16,42,10,2023,35,5,1,0,0,0,0,0,1,0,0,0
FS,2/09/2024,7/10/2024,spain-fs-pt-85,2,36,9,2024,7,41,10,2024,35,5,1,0,0,0,0,0,1,0,0,0
FS,2/09/2024,7/10/2024,spain-fs-pt-85,2,36,9,2024,7,41,10,2024,35,5,1,0,0,0,0,0,1,0,0,0
FS,9/09/2024,14/10/2024,spain-fs-pt-87,9,37,9,2024,14,42,10,2024,35,5,1,0,0,0,0,0,1,0,0,0
FS,9/09/2024,14/10/2024,spain-fs-pt-87,9,37,9,2024,14,42,10,2024,35,5,1,0,0,0,0,0,1,0,0,0
FS,9/09/2024,14/10/2024,spain-fs-pt-87,9,37,9,2024,14,42,10,2024,35,5,1,0,0,0,0,0,1,0,0,0
FS,23/09/2024,28/10/2024,spain-fs-pt-90,23,39,9,2024,28,44,10,2024,35,5,1,0,0,0,0,0,1,0,0,0
FS,24/09/2024,29/10/2024,spain-fs-pt-91,24,39,9,2024,29,44,10,2024,35,5,1,0,0,0,0,0,1,0,0,0
FS,6/09/2024,14/10/2024,spain-fs-pt-87,6,36,9,2024,14,42,10,2024,38,5,1,0,0,0,0,0,1,0,0,0
FS,20/09/2024,28/10/2024,spain-fs-pt-90,20,38,9,2024,28,44,10,2024,38,5,1,0,0,0,0,0,1,0,0,0
FS,5/09/2024,14/10/2024,spain-fs-pt-87,5,36,9,2024,14,42,10,2024,39,5,1,0,0,0,0,0,1,0,0,0
FS,19/09/2024,28/10/2024,spain-fs-pt-90,19,38,9,2024,28,44,10,2024,39,5,1,0,0,0,0,0,1,0,0,0
CS,11/09/2024,21/10/2024,spain-cs-pt-2,11,37,9,2024,21,43,10,2024,40,5,1,0,0,0,0,0,1,0,0,0
FS,18/09/2024,28/10/2024,spain-fs-pt-90,18,38,9,2024,28,44,10,2024,40,5,1,0,0,0,0,0,1,0,0,0
FS,3/09/2024,14/10/2024,spain-fs-pt-87,3,36,9,2024,14,42,10,2024,41,5,1,0,0,0,0,0,1,0,0,0
FS,3/09/2024,14/10/2024,spain-fs-pt-87,3,36,9,2024,14,42,10,2024,41,5,1,0,0,0,0,0,1,0,0,0
FS,17/09/2024,28/10/2024,spain-fs-pt-90,17,38,9,2024,28,44,10,2024,41,5,1,0,0,0,0,0,1,0,0,0
FS,4/09/2023,16/10/2023,spain-fs-pt-51,4,36,9,2023,16,42,10,2023,42,6,1,0,0,0,0,0,0,1,0,0
FS,2/09/2024,14/10/2024,spain-fs-pt-87,2,36,9,2024,14,42,10,2024,42,6,1,0,0,0,0,0,0,1,0,0
FS,17/09/2024,29/10/2024,spain-fs-pt-91,17,38,9,2024,29,44,10,2024,42,6,1,0,0,0,0,0,0,1,0,0
FS,10/09/2023,23/10/2023,spain-fs-pt-52,10,37,9,2023,23,43,10,2023,43,6,1,0,0,0,0,0,0,1,0,0
FS,16/09/2024,29/10/2024,spain-fs-pt-91,16,38,9,2024,29,44,10,2024,43,6,1,0,0,0,0,0,0,1,0,0
CS,7/09/2024,21/10/2024,spain-cs-pt-2,7,36,9,2024,21,43,10,2024,44,6,1,0,0,0,0,0,0,1,0,0
FS,1/09/2023,16/10/2023,spain-fs-pt-51,1,35,9,2023,16,42,10,2023,45,6,1,0,0,0,0,0,0,1,0,0
FS,7/09/2023,23/10/2023,spain-fs-pt-52,7,36,9,2023,23,43,10,2023,46,6,1,0,0,0,0,0,0,1,0,0
CS,5/09/2024,21/10/2024,spain-cs-pt-2,5,36,9,2024,21,43,10,2024,46,6,1,0,0,0,0,0,0,1,0,0
CS,4/09/2024,21/10/2024,spain-cs-pt-2,4,36,9,2024,21,43,10,2024,47,6,1,0,0,0,0,0,0,1,0,0
FS,12/09/2024,29/10/2024,spain-fs-pt-91,12,37,9,2024,29,44,10,2024,47,6,1,0,0,0,0,0,0,1,0,0
FS,12/09/2024,29/10/2024,spain-fs-pt-91,12,37,9,2024,29,44,10,2024,47,6,1,0,0,0,0,0,0,1,0,0
FS,20/09/2023,6/11/2023,spain-fs-pt-53,20,38,9,2023,6,45,11,2023,47,6,1,0,0,0,0,0,0,1,0,0
FS,18/09/2023,6/11/2023,spain-fs-pt-53,18,38,9,2023,6,45,11,2023,49,7,1,0,0,0,0,0,0,0,1,0
FS,23/09/2024,11/11/2024,spain-fs-pt-92,23,39,9,2024,11,46,11,2024,49,7,1,0,0,0,0,0,0,0,1,0
DS,30/09/2024,18/11/2024,spain-ds-pt-12,30,40,9,2024,18,47,11,2024,49,7,1,0,0,0,0,0,0,0,1,0
DS,29/09/2023,20/11/2023,spain-ds-pt-4,29,39,9,2023,20,47,11,2023,52,7,1,0,0,0,0,0,0,0,1,0
FS,30/09/2023,21/11/2023,spain-fs-pt-54,30,39,9,2023,21,47,11,2023,52,7,1,0,0,0,0,0,0,0,1,0
FS,20/09/2024,11/11/2024,spain-fs-pt-92,20,38,9,2024,11,46,11,2024,52,7,1,0,0,0,0,0,0,0,1,0
DS,27/09/2024,18/11/2024,spain-ds-pt-12,27,39,9,2024,18,47,11,2024,52,7,1,0,0,0,0,0,0,0,1,0
DS,27/09/2024,18/11/2024,spain-ds-pt-12,27,39,9,2024,18,47,11,2024,52,7,1,0,0,0,0,0,0,0,1,0
FS,14/09/2023,6/11/2023,spain-fs-pt-53,14,37,9,2023,6,45,11,2023,53,7,1,0,0,0,0,0,0,0,1,0
FS,13/09/2023,6/11/2023,spain-fs-pt-53,13,37,9,2023,6,45,11,2023,54,7,1,0,0,0,0,0,0,0,1,0
FS,13/09/2023,6/11/2023,spain-fs-pt-53,13,37,9,2023,6,45,11,2023,54,7,1,0,0,0,0,0,0,0,1,0
DS,27/09/2023,20/11/2023,spain-ds-pt-4,27,39,9,2023,20,47,11,2023,54,7,1,0,0,0,0,0,0,0,1,0
FS,28/09/2023,21/11/2023,spain-fs-pt-54,28,39,9,2023,21,47,11,2023,54,7,1,0,0,0,0,0,0,0,1,0
FS,18/09/2024,11/11/2024,spain-fs-pt-92,18,38,9,2024,11,46,11,2024,54,7,1,0,0,0,0,0,0,0,1,0
FS,4/09/2024,29/10/2024,spain-fs-pt-91,4,36,9,2024,29,44,10,2024,55,7,1,0,0,0,0,0,0,0,1,0
FS,4/09/2024,29/10/2024,spain-fs-pt-91,4,36,9,2024,29,44,10,2024,55,7,1,0,0,0,0,0,0,0,1,0
FS,27/09/2023,21/11/2023,spain-fs-pt-54,27,39,9,2023,21,47,11,2023,55,7,1,0,0,0,0,0,0,0,1,0
FS,26/09/2023,21/11/2023,spain-fs-pt-54,26,39,9,2023,21,47,11,2023,56,8,1,0,0,0,0,0,0,0,0,1
FS,16/09/2024,11/11/2024,spain-fs-pt-92,16,38,9,2024,11,46,11,2024,56,8,1,0,0,0,0,0,0,0,0,1
CS,30/09/2024,25/11/2024,spain-cs-pt-3,30,40,9,2024,25,48,11,2024,56,8,1,0,0,0,0,0,0,0,0,1
CS,30/09/2024,25/11/2024,spain-cs-pt-3,30,40,9,2024,25,48,11,2024,56,8,1,0,0,0,0,0,0,0,0,1
FS,25/09/2023,21/11/2023,spain-fs-pt-54,25,39,9,2023,21,47,11,2023,57,8,1,0,0,0,0,0,0,0,0,1
DS,22/09/2023,20/11/2023,spain-ds-pt-4,22,38,9,2023,20,47,11,2023,59,8,1,0,0,0,0,0,0,0,0,1
DS,20/09/2024,18/11/2024,spain-ds-pt-12,20,38,9,2024,18,47,11,2024,59,8,1,0,0,0,0,0,0,0,0,1
CS,27/09/2024,25/11/2024,spain-cs-pt-3,27,39,9,2024,25,48,11,2024,59,8,1,0,0,0,0,0,0,0,0,1
FS,7/09/2023,6/11/2023,spain-fs-pt-53,7,36,9,2023,6,45,11,2023,60,8,2,0,0,0,0,0,0,0,0,1
FS,7/09/2023,6/11/2023,spain-fs-pt-53,7,36,9,2023,6,45,11,2023,60,8,2,0,0,0,0,0,0,0,0,1
FS,7/09/2023,6/11/2023,spain-fs-pt-53,7,36,9,2023,6,45,11,2023,60,8,2,0,0,0,0,0,0,0,0,1
FS,12/09/2024,11/11/2024,spain-fs-pt-92,12,37,9,2024,11,46,11,2024,60,8,2,0,0,0,0,0,0,0,0,1
DS,19/09/2024,18/11/2024,spain-ds-pt-12,19,38,9,2024,18,47,11,2024,60,8,2,0,0,0,0,0,0,0,0,1
FS,6/09/2023,6/11/2023,spain-fs-pt-53,6,36,9,2023,6,45,11,2023,61,8,2,0,0,0,0,0,0,0,0,1
FS,6/09/2023,6/11/2023,spain-fs-pt-53,6,36,9,2023,6,45,11,2023,61,8,2,0,0,0,0,0,0,0,0,1
FS,21/09/2023,21/11/2023,spain-fs-pt-54,21,38,9,2023,21,47,11,2023,61,8,2,0,0,0,0,0,0,0,0,1
FS,27/09/2023,27/11/2023,spain-fs-pt-55,27,39,9,2023,27,48,11,2023,61,8,2,0,0,0,0,0,0,0,0,1
FS,11/09/2024,11/11/2024,spain-fs-pt-92,11,37,9,2024,11,46,11,2024,61,8,2,0,0,0,0,0,0,0,0,1
CS,25/09/2024,25/11/2024,spain-cs-pt-3,25,39,9,2024,25,48,11,2024,61,8,2,0,0,0,0,0,0,0,0,1
FS,19/09/2023,21/11/2023,spain-fs-pt-54,19,38,9,2023,21,47,11,2023,63,9,2,0,0,0,0,0,0,0,0,1
FS,30/09/2024,2/12/2024,spain-fs-pt-94,30,40,9,2024,2,49,12,2024,63,9,2,0,0,0,0,0,0,0,0,1
DS,13/09/2024,18/11/2024,spain-ds-pt-12,13,37,9,2024,18,47,11,2024,66,9,2,0,0,0,0,0,0,0,0,1
DS,13/09/2023,20/11/2023,spain-ds-pt-4,13,37,9,2023,20,47,11,2023,68,9,2,0,0,0,0,0,0,0,0,1
FS,20/09/2023,27/11/2023,spain-fs-pt-55,20,38,9,2023,27,48,11,2023,68,9,2,0,0,0,0,0,0,0,0,1
FS,12/09/2023,21/11/2023,spain-fs-pt-54,12,37,9,2023,21,47,11,2023,70,10,2,0,0,0,0,0,0,0,0,1
FS,8/09/2023,21/11/2023,spain-fs-pt-54,8,36,9,2023,21,47,11,2023,74,10,2,0,0,0,0,0,0,0,0,1
DS,23/09/2024,9/12/2024,spain-ds-pt-13,23,39,9,2024,9,50,12,2024,77,11,2,0,0,0,0,0,0,0,0,1
DS,23/09/2024,9/12/2024,spain-ds-pt-13,23,39,9,2024,9,50,12,2024,77,11,2,0,0,0,0,0,0,0,0,1
FS,18/09/2023,11/12/2023,spain-fs-pt-56,18,38,9,2023,11,50,12,2023,84,12,2,0,0,0,0,0,0,0,0,1
FS,27/09/2023,15/01/2024,spain-fs-pt-58,27,39,9,2023,15,3,1,2024,110,15,3,0,0,0,0,0,0,0,0,1
FS,30/09/2023,22/01/2024,spain-fs-pt-59,30,39,9,2023,22,4,1,2024,114,16,3,0,0,0,0,0,0,0,0,1
FS,18/09/2023,15/01/2024,spain-fs-pt-58,18,38,9,2023,15,3,1,2024,119,17,3,0,0,0,0,0,0,0,0,1
FS,30/09/2024,27/01/2025,spain-fs-pt-enero-13/01,30,40,9,2024,27,5,1,2025,119,17,3,0,0,0,0,0,0,0,0,1
FS,20/09/2023,22/01/2024,spain-fs-pt-59,20,38,9,2023,22,4,1,2024,124,17,4,0,0,0,0,0,0,0,0,1
DS,27/09/2023,29/01/2024,spain-ds-pt-5,27,39,9,2023,29,5,1,2024,124,17,4,0,0,0,0,0,0,0,0,1
FS,25/09/2024,27/01/2025,spain-fs-pt-enero-matutino-13/01,25,39,9,2024,27,5,1,2025,124,17,4,0,0,0,0,0,0,0,0,1
FS,11/09/2023,15/01/2024,spain-fs-pt-58,11,37,9,2023,15,3,1,2024,126,18,4,0,0,0,0,0,0,0,0,1
FS,12/09/2023,22/01/2024,spain-fs-pt-59,12,37,9,2023,22,4,1,2024,132,18,4,0,0,0,0,0,0,0,0,1
DS,9/09/2024,27/01/2025,spain-ds-pt-enero-13/01,9,37,9,2024,27,5,1,2025,140,20,4,0,0,0,0,0,0,0,0,1
DS,6/09/2024,27/01/2025,spain-ds-pt-enero-13/01,6,36,9,2024,27,5,1,2025,143,20,4,0,0,0,0,0,0,0,0,1
DS,3/09/2024,27/01/2025,spain-ds-pt-enero-13/01,3,36,9,2024,27,5,1,2025,146,20,4,0,0,0,0,0,0,0,0,1
FS,30/09/2023,14/05/2024,spain-fs-pt-72,30,39,9,2023,14,20,5,2024,227,32,7,0,0,0,0,0,0,0,0,1
FS,23/09/2023,13/05/2024,spain-fs-pt-71,23,38,9,2023,13,20,5,2024,233,33,7,0,0,0,0,0,0,0,0,1
FS,4/09/2023,17/06/2024,spain-fs-pt-75,4,36,9,2023,17,25,6,2024,287,41,9,0,0,0,0,0,0,0,0,1
DS,29/09/2023,7/10/2024,spain-ds-pt-11,29,39,9,2023,7,41,10,2024,374,53,12,0,0,0,0,0,0,0,0,1
FS,9/10/2023,23/10/2023,spain-fs-pt-52,9,41,10,2023,23,43,10,2023,14,2,0,0,0,1,0,0,0,0,0,0
FS,11/10/2024,29/10/2024,spain-fs-pt-91,11,41,10,2024,29,44,10,2024,18,2,0,0,0,1,0,0,0,0,0,0
FS,11/10/2024,29/10/2024,spain-fs-pt-91,11,41,10,2024,29,44,10,2024,18,2,0,0,0,1,0,0,0,0,0,0
FS,9/10/2024,28/10/2024,spain-fs-pt-90,9,41,10,2024,28,44,10,2024,19,2,0,0,0,1,0,0,0,0,0,0
FS,9/10/2024,28/10/2024,spain-fs-pt-90,9,41,10,2024,28,44,10,2024,19,2,0,0,0,1,0,0,0,0,0,0
FS,10/10/2024,29/10/2024,spain-fs-pt-91,10,41,10,2024,29,44,10,2024,19,2,0,0,0,1,0,0,0,0,0,0
FS,2/10/2023,23/10/2023,spain-fs-pt-52,2,40,10,2023,23,43,10,2023,21,3,0,0,0,0,1,0,0,0,0,0
FS,7/10/2024,28/10/2024,spain-fs-pt-90,7,41,10,2024,28,44,10,2024,21,3,0,0,0,0,1,0,0,0,0,0
DS,30/10/2023,20/11/2023,spain-ds-pt-4,30,44,10,2023,20,47,11,2023,21,3,0,0,0,0,1,0,0,0,0,0
FS,31/10/2023,21/11/2023,spain-fs-pt-54,31,44,10,2023,21,47,11,2023,21,3,0,0,0,0,1,0,0,0,0,0
DS,26/10/2023,20/11/2023,spain-ds-pt-4,26,43,10,2023,20,47,11,2023,25,3,0,0,0,0,1,0,0,0,0,0
FS,31/10/2024,25/11/2024,spain-fs-pt-93,31,44,10,2024,25,48,11,2024,25,3,0,0,0,0,1,0,0,0,0,0
FS,1/10/2024,28/10/2024,spain-fs-pt-90,1,40,10,2024,28,44,10,2024,27,3,0,0,0,0,1,0,0,0,0,0
DS,22/10/2024,18/11/2024,spain-ds-pt-12,22,43,10,2024,18,47,11,2024,27,3,0,0,0,0,1,0,0,0,0,0
CS,25/10/2024,25/11/2024,spain-cs-pt-3,25,43,10,2024,25,48,11,2024,31,4,1,0,0,0,0,1,0,0,0,0
FS,25/10/2024,25/11/2024,spain-fs-pt-93,25,43,10,2024,25,48,11,2024,31,4,1,0,0,0,0,1,0,0,0,0
FS,26/10/2023,27/11/2023,spain-fs-pt-55,26,43,10,2023,27,48,11,2023,32,4,1,0,0,0,0,1,0,0,0,0
FS,26/10/2023,27/11/2023,spain-fs-pt-55,26,43,10,2023,27,48,11,2023,32,4,1,0,0,0,0,1,0,0,0,0
DS,17/10/2024,18/11/2024,spain-ds-pt-12,17,42,10,2024,18,47,11,2024,32,4,1,0,0,0,0,1,0,0,0,0
CS,24/10/2024,25/11/2024,spain-cs-pt-3,24,43,10,2024,25,48,11,2024,32,4,1,0,0,0,0,1,0,0,0,0
FS,31/10/2024,2/12/2024,spain-fs-pt-95,31,44,10,2024,2,49,12,2024,32,4,1,0,0,0,0,1,0,0,0,0
FS,31/10/2024,2/12/2024,spain-fs-pt-95,31,44,10,2024,2,49,12,2024,32,4,1,0,0,0,0,1,0,0,0,0
FS,31/10/2024,2/12/2024,spain-fs-pt-95,31,44,10,2024,2,49,12,2024,32,4,1,0,0,0,0,1,0,0,0,0
DS,18/10/2023,20/11/2023,spain-ds-pt-4,18,42,10,2023,20,47,11,2023,33,4,1,0,0,0,0,1,0,0,0,0
DS,16/10/2024,18/11/2024,spain-ds-pt-12,16,42,10,2024,18,47,11,2024,33,4,1,0,0,0,0,1,0,0,0,0
CS,23/10/2024,25/11/2024,spain-cs-pt-3,23,43,10,2024,25,48,11,2024,33,4,1,0,0,0,0,1,0,0,0,0
FS,23/10/2024,25/11/2024,spain-fs-pt-93,23,43,10,2024,25,48,11,2024,33,4,1,0,0,0,0,1,0,0,0,0
FS,29/10/2024,2/12/2024,spain-fs-pt-94,29,44,10,2024,2,49,12,2024,34,4,1,0,0,0,0,1,0,0,0,0
DS,16/10/2023,20/11/2023,spain-ds-pt-4,16,42,10,2023,20,47,11,2023,35,5,1,0,0,0,0,0,1,0,0,0
FS,23/10/2023,27/11/2023,spain-fs-pt-55,23,43,10,2023,27,48,11,2023,35,5,1,0,0,0,0,0,1,0,0,0
DS,14/10/2024,18/11/2024,spain-ds-pt-12,14,42,10,2024,18,47,11,2024,35,5,1,0,0,0,0,0,1,0,0,0
DS,14/10/2024,18/11/2024,spain-ds-pt-12,14,42,10,2024,18,47,11,2024,35,5,1,0,0,0,0,0,1,0,0,0
CS,21/10/2024,25/11/2024,spain-cs-pt-3,21,43,10,2024,25,48,11,2024,35,5,1,0,0,0,0,0,1,0,0,0
FS,21/10/2024,25/11/2024,spain-fs-pt-93,21,43,10,2024,25,48,11,2024,35,5,1,0,0,0,0,0,1,0,0,0
FS,28/10/2024,2/12/2024,spain-fs-pt-95,28,44,10,2024,2,49,12,2024,35,5,1,0,0,0,0,0,1,0,0,0
DS,11/10/2024,18/11/2024,spain-ds-pt-12,11,41,10,2024,18,47,11,2024,38,5,1,0,0,0,0,0,1,0,0,0
FS,18/10/2024,25/11/2024,spain-fs-pt-93,18,42,10,2024,25,48,11,2024,38,5,1,0,0,0,0,0,1,0,0,0
FS,18/10/2024,25/11/2024,spain-fs-pt-93,18,42,10,2024,25,48,11,2024,38,5,1,0,0,0,0,0,1,0,0,0
FS,25/10/2024,2/12/2024,spain-fs-pt-94,25,43,10,2024,2,49,12,2024,38,5,1,0,0,0,0,0,1,0,0,0
CS,17/10/2024,25/11/2024,spain-cs-pt-3,17,42,10,2024,25,48,11,2024,39,5,1,0,0,0,0,0,1,0,0,0
FS,17/10/2024,25/11/2024,spain-fs-pt-93,17,42,10,2024,25,48,11,2024,39,5,1,0,0,0,0,0,1,0,0,0
FS,24/10/2024,2/12/2024,spain-fs-pt-94,24,43,10,2024,2,49,12,2024,39,5,1,0,0,0,0,0,1,0,0,0
FS,24/10/2024,2/12/2024,spain-fs-pt-94,24,43,10,2024,2,49,12,2024,39,5,1,0,0,0,0,0,1,0,0,0
DS,31/10/2024,9/12/2024,spain-ds-pt-13,31,44,10,2024,9,50,12,2024,39,5,1,0,0,0,0,0,1,0,0,0
FS,12/10/2023,21/11/2023,spain-fs-pt-54,12,41,10,2023,21,47,11,2023,40,5,1,0,0,0,0,0,1,0,0,0
FS,16/10/2024,25/11/2024,spain-fs-pt-93,16,42,10,2024,25,48,11,2024,40,5,1,0,0,0,0,0,1,0,0,0
FS,16/10/2024,25/11/2024,spain-fs-pt-93,16,42,10,2024,25,48,11,2024,40,5,1,0,0,0,0,0,1,0,0,0
FS,17/10/2023,27/11/2023,spain-fs-pt-55,17,42,10,2023,27,48,11,2023,41,5,1,0,0,0,0,0,1,0,0,0
FS,15/10/2024,25/11/2024,spain-fs-pt-93,15,42,10,2024,25,48,11,2024,41,5,1,0,0,0,0,0,1,0,0,0
FS,22/10/2024,2/12/2024,spain-fs-pt-95,22,43,10,2024,2,49,12,2024,41,5,1,0,0,0,0,0,1,0,0,0
DS,7/10/2024,18/11/2024,spain-ds-pt-12,7,41,10,2024,18,47,11,2024,42,6,1,0,0,0,0,0,0,1,0,0
FS,14/10/2024,25/11/2024,spain-fs-pt-93,14,42,10,2024,25,48,11,2024,42,6,1,0,0,0,0,0,0,1,0,0
FS,14/10/2024,25/11/2024,spain-fs-pt-93,14,42,10,2024,25,48,11,2024,42,6,1,0,0,0,0,0,0,1,0,0
CS,11/10/2024,25/11/2024,spain-cs-pt-3,11,41,10,2024,25,48,11,2024,45,6,1,0,0,0,0,0,0,1,0,0
FS,27/10/2023,11/12/2023,spain-fs-pt-56,27,43,10,2023,11,50,12,2023,45,6,1,0,0,0,0,0,0,1,0,0
DS,25/10/2024,9/12/2024,spain-ds-pt-13,25,43,10,2024,9,50,12,2024,45,6,1,0,0,0,0,0,0,1,0,0
CS,10/10/2024,25/11/2024,spain-cs-pt-3,10,41,10,2024,25,48,11,2024,46,6,1,0,0,0,0,0,0,1,0,0
FS,5/10/2023,21/11/2023,spain-fs-pt-54,5,40,10,2023,21,47,11,2023,47,6,1,0,0,0,0,0,0,1,0,0
DS,2/10/2024,18/11/2024,spain-ds-pt-12,2,40,10,2024,18,47,11,2024,47,6,1,0,0,0,0,0,0,1,0,0
FS,9/10/2024,25/11/2024,spain-fs-pt-93,9,41,10,2024,25,48,11,2024,47,6,1,0,0,0,0,0,0,1,0,0
FS,16/10/2024,2/12/2024,spain-fs-pt-94,16,42,10,2024,2,49,12,2024,47,6,1,0,0,0,0,0,0,1,0,0
FS,16/10/2024,2/12/2024,spain-fs-pt-94,16,42,10,2024,2,49,12,2024,47,6,1,0,0,0,0,0,0,1,0,0
FS,16/10/2024,2/12/2024,spain-fs-pt-94,16,42,10,2024,2,49,12,2024,47,6,1,0,0,0,0,0,0,1,0,0
FS,4/10/2023,21/11/2023,spain-fs-pt-54,4,40,10,2023,21,47,11,2023,48,6,1,0,0,0,0,0,0,1,0,0
FS,10/10/2023,27/11/2023,spain-fs-pt-55,10,41,10,2023,27,48,11,2023,48,6,1,0,0,0,0,0,0,1,0,0
DS,22/10/2024,9/12/2024,spain-ds-pt-13,22,43,10,2024,9,50,12,2024,48,6,1,0,0,0,0,0,0,1,0,0
FS,9/10/2023,27/11/2023,spain-fs-pt-55,9,41,10,2023,27,48,11,2023,49,7,1,0,0,0,0,0,0,0,1,0
FS,14/10/2024,2/12/2024,spain-fs-pt-94,14,42,10,2024,2,49,12,2024,49,7,1,0,0,0,0,0,0,0,1,0
DS,21/10/2024,9/12/2024,spain-ds-pt-13,21,43,10,2024,9,50,12,2024,49,7,1,0,0,0,0,0,0,0,1,0
DS,21/10/2024,9/12/2024,spain-ds-pt-13,21,43,10,2024,9,50,12,2024,49,7,1,0,0,0,0,0,0,0,1,0
FS,2/10/2023,21/11/2023,spain-fs-pt-54,2,40,10,2023,21,47,11,2023,50,7,1,0,0,0,0,0,0,0,1,0
CS,4/10/2024,25/11/2024,spain-cs-pt-3,4,40,10,2024,25,48,11,2024,52,7,1,0,0,0,0,0,0,0,1,0
CS,3/10/2024,25/11/2024,spain-cs-pt-3,3,40,10,2024,25,48,11,2024,53,7,1,0,0,0,0,0,0,0,1,0
CS,3/10/2024,25/11/2024,spain-cs-pt-3,3,40,10,2024,25,48,11,2024,53,7,1,0,0,0,0,0,0,0,1,0
FS,4/10/2023,27/11/2023,spain-fs-pt-55,4,40,10,2023,27,48,11,2023,54,7,1,0,0,0,0,0,0,0,1,0
FS,9/10/2024,2/12/2024,spain-fs-pt-94,9,41,10,2024,2,49,12,2024,54,7,1,0,0,0,0,0,0,0,1,0
FS,9/10/2024,2/12/2024,spain-fs-pt-94,9,41,10,2024,2,49,12,2024,54,7,1,0,0,0,0,0,0,0,1,0
FS,16/10/2023,11/12/2023,spain-fs-pt-56,16,42,10,2023,11,50,12,2023,56,8,1,0,0,0,0,0,0,0,0,1
FS,17/10/2023,12/12/2023,spain-fs-pt-57,17,42,10,2023,12,50,12,2023,56,8,1,0,0,0,0,0,0,0,0,1
FS,7/10/2024,2/12/2024,spain-fs-pt-94,7,41,10,2024,2,49,12,2024,56,8,1,0,0,0,0,0,0,0,0,1
FS,1/10/2024,2/12/2024,spain-fs-pt-94,1,40,10,2024,2,49,12,2024,62,8,2,0,0,0,0,0,0,0,0,1
FS,9/10/2023,11/12/2023,spain-fs-pt-56,9,41,10,2023,11,50,12,2023,63,9,2,0,0,0,0,0,0,0,0,1
FS,9/10/2023,12/12/2023,spain-fs-pt-57,9,41,10,2023,12,50,12,2023,64,9,2,0,0,0,0,0,0,0,0,1
FS,4/10/2023,11/12/2023,spain-fs-pt-56,4,40,10,2023,11,50,12,2023,68,9,2,0,0,0,0,0,0,0,0,1
FS,5/10/2023,12/12/2023,spain-fs-pt-57,5,40,10,2023,12,50,12,2023,68,9,2,0,0,0,0,0,0,0,0,1
FS,3/10/2023,11/12/2023,spain-fs-pt-56,3,40,10,2023,11,50,12,2023,69,9,2,0,0,0,0,0,0,0,0,1
CS,30/10/2024,13/01/2025,spain-cs-pt-enero-13/01,30,44,10,2024,13,3,1,2025,75,10,2,0,0,0,0,0,0,0,0,1
CS,29/10/2024,13/01/2025,spain-cs-pt-enero-13/01,29,44,10,2024,13,3,1,2025,76,10,2,0,0,0,0,0,0,0,0,1
CS,29/10/2024,13/01/2025,spain-cs-pt-enero-13/01,29,44,10,2024,13,3,1,2025,76,10,2,0,0,0,0,0,0,0,0,1
FS,20/10/2023,15/01/2024,spain-fs-pt-58,20,42,10,2023,15,3,1,2024,87,12,2,0,0,0,0,0,0,0,0,1
FS,31/10/2024,27/01/2025,spain-fs-pt-enero-matutino-13/01,31,44,10,2024,27,5,1,2025,88,12,2,0,0,0,0,0,0,0,0,1
FS,31/10/2024,27/01/2025,spain-fs-pt-enero-13/01,31,44,10,2024,27,5,1,2025,88,12,2,0,0,0,0,0,0,0,0,1
FS,11/10/2024,8/01/2025,spain-fs-pt-diciembre-09/12,11,41,10,2024,8,2,1,2025,89,12,2,0,0,0,0,0,0,0,0,1
FS,28/10/2024,27/01/2025,spain-fs-pt-enero-13/01,28,44,10,2024,27,5,1,2025,91,13,3,0,0,0,0,0,0,0,0,1
FS,13/10/2023,15/01/2024,spain-fs-pt-58,13,41,10,2023,15,3,1,2024,94,13,3,0,0,0,0,0,0,0,0,1
FS,20/10/2023,22/01/2024,spain-fs-pt-59,20,42,10,2023,22,4,1,2024,94,13,3,0,0,0,0,0,0,0,0,1
DS,27/10/2023,29/01/2024,spain-ds-pt-5,27,43,10,2023,29,5,1,2024,94,13,3,0,0,0,0,0,0,0,0,1
DS,25/10/2024,27/01/2025,spain-ds-pt-enero-13/01,25,43,10,2024,27,5,1,2025,94,13,3,0,0,0,0,0,0,0,0,1
FS,24/10/2024,27/01/2025,spain-fs-pt-enero-matutino-13/01,24,43,10,2024,27,5,1,2025,95,13,3,0,0,0,0,0,0,0,0,1
FS,22/10/2024,27/01/2025,spain-fs-pt-enero-matutino-13/01,22,43,10,2024,27,5,1,2025,97,13,3,0,0,0,0,0,0,0,0,1
FS,22/10/2024,27/01/2025,spain-fs-pt-enero-matutino-13/01,22,43,10,2024,27,5,1,2025,97,13,3,0,0,0,0,0,0,0,0,1
FS,21/10/2024,27/01/2025,spain-fs-pt-enero-matutino-13/01,21,43,10,2024,27,5,1,2025,98,14,3,0,0,0,0,0,0,0,0,1
FS,14/10/2024,27/01/2025,spain-fs-pt-enero-13/01,14,42,10,2024,27,5,1,2025,105,15,3,0,0,0,0,0,0,0,0,1
FS,5/10/2023,22/01/2024,spain-fs-pt-59,5,40,10,2023,22,4,1,2024,109,15,3,0,0,0,0,0,0,0,0,1
FS,5/10/2023,22/01/2024,spain-fs-pt-59,5,40,10,2023,22,4,1,2024,109,15,3,0,0,0,0,0,0,0,0,1
FS,4/10/2023,22/01/2024,spain-fs-pt-59,4,40,10,2023,22,4,1,2024,110,15,3,0,0,0,0,0,0,0,0,1
FS,2/10/2023,22/01/2024,spain-fs-pt-59,2,40,10,2023,22,4,1,2024,112,16,3,0,0,0,0,0,0,0,0,1
FS,30/10/2023,4/03/2024,spain-fs-pt-64,30,44,10,2023,4,10,3,2024,126,18,4,0,0,0,0,0,0,0,0,1
FS,20/10/2023,27/02/2024,spain-fs-pt-63,20,42,10,2023,27,9,2,2024,130,18,4,0,0,0,0,0,0,0,0,1
FS,24/10/2023,4/03/2024,spain-fs-pt-64,24,43,10,2023,4,10,3,2024,132,18,4,0,0,0,0,0,0,0,0,1
FS,19/10/2023,4/03/2024,spain-fs-pt-64,19,42,10,2023,4,10,3,2024,137,19,4,0,0,0,0,0,0,0,0,1
FS,3/10/2023,27/02/2024,spain-fs-pt-63,3,40,10,2023,27,9,2,2024,147,21,4,0,0,0,0,0,0,0,0,1
DS,29/10/2023,1/04/2024,spain-ds-pt-7,29,44,10,2023,1,14,4,2024,155,22,5,0,0,0,0,0,0,0,0,1
DS,27/10/2023,1/04/2024,spain-ds-pt-7,27,43,10,2023,1,14,4,2024,157,22,5,0,0,0,0,0,0,0,0,1
DS,4/10/2023,1/04/2024,spain-ds-pt-7,4,40,10,2023,1,14,4,2024,180,25,6,0,0,0,0,0,0,0,0,1
DS,26/10/2023,27/05/2024,spain-ds-pt-8,26,43,10,2023,27,22,5,2024,214,30,7,0,0,0,0,0,0,0,0,1
DS,24/10/2023,8/07/2024,spain-ds-pt-9,24,43,10,2023,8,28,7,2024,258,36,8,0,0,0,0,0,0,0,0,1
FS,30/11/2023,12/12/2023,spain-fs-pt-57,30,48,11,2023,12,50,12,2023,12,1,0,0,1,0,0,0,0,0,0,0
CS,8/11/2024,25/11/2024,spain-cs-pt-3,8,45,11,2024,25,48,11,2024,17,2,0,0,0,1,0,0,0,0,0,0
FS,7/11/2024,25/11/2024,spain-fs-pt-93,7,45,11,2024,25,48,11,2024,18,2,0,0,0,1,0,0,0,0,0,0
CS,6/11/2024,25/11/2024,spain-cs-pt-3,6,45,11,2024,25,48,11,2024,19,2,0,0,0,1,0,0,0,0,0,0
FS,4/11/2024,25/11/2024,spain-fs-pt-93,4,45,11,2024,25,48,11,2024,21,3,0,0,0,0,1,0,0,0,0,0
FS,11/11/2024,2/12/2024,spain-fs-pt-95,11,46,11,2024,2,49,12,2024,21,3,0,0,0,0,1,0,0,0,0,0
FS,17/11/2023,12/12/2023,spain-fs-pt-57,17,46,11,2023,12,50,12,2023,25,3,0,0,0,0,1,0,0,0,0,0
FS,15/11/2023,11/12/2023,spain-fs-pt-56,15,46,11,2023,11,50,12,2023,26,3,0,0,0,0,1,0,0,0,0,0
FS,6/11/2024,2/12/2024,spain-fs-pt-95,6,45,11,2024,2,49,12,2024,26,3,0,0,0,0,1,0,0,0,0,0
FS,6/11/2024,2/12/2024,spain-fs-pt-95,6,45,11,2024,2,49,12,2024,26,3,0,0,0,0,1,0,0,0,0,0
FS,5/11/2024,2/12/2024,spain-fs-pt-95,5,45,11,2024,2,49,12,2024,27,3,0,0,0,0,1,0,0,0,0,0
FS,5/11/2024,2/12/2024,spain-fs-pt-95,5,45,11,2024,2,49,12,2024,27,3,0,0,0,0,1,0,0,0,0,0
FS,5/11/2024,2/12/2024,spain-fs-pt-95,5,45,11,2024,2,49,12,2024,27,3,0,0,0,0,1,0,0,0,0,0
FS,5/11/2024,2/12/2024,spain-fs-pt-95,5,45,11,2024,2,49,12,2024,27,3,0,0,0,0,1,0,0,0,0,0
FS,5/11/2024,2/12/2024,spain-fs-pt-95,5,45,11,2024,2,49,12,2024,27,3,0,0,0,0,1,0,0,0,0,0
FS,4/11/2024,2/12/2024,spain-fs-pt-95,4,45,11,2024,2,49,12,2024,28,4,0,0,0,0,0,1,0,0,0,0
FS,4/11/2024,2/12/2024,spain-fs-pt-95,4,45,11,2024,2,49,12,2024,28,4,0,0,0,0,0,1,0,0,0,0
FS,4/11/2024,2/12/2024,spain-fs-pt-94,4,45,11,2024,2,49,12,2024,28,4,0,0,0,0,0,1,0,0,0,0
FS,13/11/2023,12/12/2023,spain-fs-pt-57,13,46,11,2023,12,50,12,2023,29,4,0,0,0,0,0,1,0,0,0,0
FS,10/11/2023,12/12/2023,spain-fs-pt-57,10,45,11,2023,12,50,12,2023,32,4,1,0,0,0,0,1,0,0,0,0
DS,7/11/2024,9/12/2024,spain-ds-pt-13,7,45,11,2024,9,50,12,2024,32,4,1,0,0,0,0,1,0,0,0,0
DS,7/11/2024,9/12/2024,spain-ds-pt-13,7,45,11,2024,9,50,12,2024,32,4,1,0,0,0,0,1,0,0,0,0
FS,8/11/2023,12/12/2023,spain-fs-pt-57,8,45,11,2023,12,50,12,2023,34,4,1,0,0,0,0,1,0,0,0,0
FS,8/11/2023,12/12/2023,spain-fs-pt-57,8,45,11,2023,12,50,12,2023,34,4,1,0,0,0,0,1,0,0,0,0
DS,4/11/2024,9/12/2024,spain-ds-pt-13,4,45,11,2024,9,50,12,2024,35,5,1,0,0,0,0,0,1,0,0,0
DS,4/11/2024,9/12/2024,spain-ds-pt-13,4,45,11,2024,9,50,12,2024,35,5,1,0,0,0,0,0,1,0,0,0
FS,4/11/2023,11/12/2023,spain-fs-pt-56,4,44,11,2023,11,50,12,2023,37,5,1,0,0,0,0,0,1,0,0,0
FS,3/11/2023,11/12/2023,spain-fs-pt-56,3,44,11,2023,11,50,12,2023,38,5,1,0,0,0,0,0,1,0,0,0
FS,2/11/2023,11/12/2023,spain-fs-pt-56,2,44,11,2023,11,50,12,2023,39,5,1,0,0,0,0,0,1,0,0,0
FS,3/11/2023,12/12/2023,spain-fs-pt-57,3,44,11,2023,12,50,12,2023,39,5,1,0,0,0,0,0,1,0,0,0
FS,1/11/2023,11/12/2023,spain-fs-pt-56,1,44,11,2023,11,50,12,2023,40,5,1,0,0,0,0,0,1,0,0,0
FS,30/11/2023,15/01/2024,spain-fs-pt-58,30,48,11,2023,15,3,1,2024,46,6,1,0,0,0,0,0,0,1,0,0
FS,30/11/2023,22/01/2024,spain-fs-pt-60,30,48,11,2023,22,4,1,2024,53,7,1,0,0,0,0,0,0,0,1,0
FS,30/11/2023,22/01/2024,spain-fs-pt-59,30,48,11,2023,22,4,1,2024,53,7,1,0,0,0,0,0,0,0,1,0
FS,14/11/2024,8/01/2025,spain-fs-pt-diciembre-09/12,14,46,11,2024,8,2,1,2025,55,7,1,0,0,0,0,0,0,0,1,0
FS,20/11/2023,15/01/2024,spain-fs-pt-58,20,47,11,2023,15,3,1,2024,56,8,1,0,0,0,0,0,0,0,0,1
FS,11/11/2024,8/01/2025,spain-fs-pt-diciembre-09/12,11,46,11,2024,8,2,1,2025,58,8,1,0,0,0,0,0,0,0,0,1
FS,24/11/2023,22/01/2024,spain-fs-pt-60,24,47,11,2023,22,4,1,2024,59,8,1,0,0,0,0,0,0,0,0,1
FS,8/11/2024,8/01/2025,spain-fs-pt-diciembre-09/12,8,45,11,2024,8,2,1,2025,61,8,2,0,0,0,0,0,0,0,0,1
FS,14/11/2023,15/01/2024,spain-fs-pt-58,14,46,11,2023,15,3,1,2024,62,8,2,0,0,0,0,0,0,0,0,1
FS,14/11/2023,15/01/2024,spain-fs-pt-58,14,46,11,2023,15,3,1,2024,62,8,2,0,0,0,0,0,0,0,0,1
FS,21/11/2023,22/01/2024,spain-fs-pt-60,21,47,11,2023,22,4,1,2024,62,8,2,0,0,0,0,0,0,0,0,1
FS,7/11/2024,8/01/2025,spain-fs-pt-diciembre-09/12,7,45,11,2024,8,2,1,2025,62,8,2,0,0,0,0,0,0,0,0,1
CS,11/11/2024,13/01/2025,spain-cs-pt-enero-13/01,11,46,11,2024,13,3,1,2025,63,9,2,0,0,0,0,0,0,0,0,1
FS,10/11/2023,15/01/2024,spain-fs-pt-58,10,45,11,2023,15,3,1,2024,66,9,2,0,0,0,0,0,0,0,0,1
FS,7/11/2023,15/01/2024,spain-fs-pt-58,7,45,11,2023,15,3,1,2024,69,9,2,0,0,0,0,0,0,0,0,1
FS,28/11/2023,5/02/2024,spain-fs-pt-61,28,48,11,2023,5,6,2,2024,69,9,2,0,0,0,0,0,0,0,0,1
FS,28/11/2023,5/02/2024,spain-fs-pt-61,28,48,11,2023,5,6,2,2024,69,9,2,0,0,0,0,0,0,0,0,1
FS,6/11/2023,15/01/2024,spain-fs-pt-58,6,45,11,2023,15,3,1,2024,70,10,2,0,0,0,0,0,0,0,0,1
FS,8/11/2023,22/01/2024,spain-fs-pt-60,8,45,11,2023,22,4,1,2024,75,10,2,0,0,0,0,0,0,0,0,1
DS,15/11/2023,29/01/2024,spain-ds-pt-5,15,46,11,2023,29,5,1,2024,75,10,2,0,0,0,0,0,0,0,0,1
FS,13/11/2024,27/01/2025,spain-fs-pt-enero-matutino-13/01,13,46,11,2024,27,5,1,2025,75,10,2,0,0,0,0,0,0,0,0,1
DS,14/11/2023,29/01/2024,spain-ds-pt-5,14,46,11,2023,29,5,1,2024,76,10,2,0,0,0,0,0,0,0,0,1
DS,12/11/2024,27/01/2025,spain-ds-pt-enero-13/01,12,46,11,2024,27,5,1,2025,76,10,2,0,0,0,0,0,0,0,0,1
FS,12/11/2024,27/01/2025,spain-fs-pt-enero-matutino-13/01,12,46,11,2024,27,5,1,2025,76,10,2,0,0,0,0,0,0,0,0,1
DS,13/11/2023,29/01/2024,spain-ds-pt-5,13,46,11,2023,29,5,1,2024,77,11,2,0,0,0,0,0,0,0,0,1
FS,11/11/2024,27/01/2025,spain-fs-pt-enero-matutino-13/01,11,46,11,2024,27,5,1,2025,77,11,2,0,0,0,0,0,0,0,0,1
FS,11/11/2024,27/01/2025,spain-fs-pt-enero-13/01,11,46,11,2024,27,5,1,2025,77,11,2,0,0,0,0,0,0,0,0,1
FS,2/11/2023,22/01/2024,spain-fs-pt-60,2,44,11,2023,22,4,1,2024,81,11,2,0,0,0,0,0,0,0,0,1
DS,9/11/2023,29/01/2024,spain-ds-pt-5,9,45,11,2023,29,5,1,2024,81,11,2,0,0,0,0,0,0,0,0,1
FS,7/11/2024,27/01/2025,spain-fs-pt-enero-matutino-13/01,7,45,11,2024,27,5,1,2025,81,11,2,0,0,0,0,0,0,0,0,1
FS,7/11/2024,27/01/2025,spain-fs-pt-enero-matutino-13/01,7,45,11,2024,27,5,1,2025,81,11,2,0,0,0,0,0,0,0,0,1
DS,6/11/2023,29/01/2024,spain-ds-pt-5,6,45,11,2023,29,5,1,2024,84,12,2,0,0,0,0,0,0,0,0,1
FS,6/11/2023,5/02/2024,spain-fs-pt-61,6,45,11,2023,5,6,2,2024,91,13,3,0,0,0,0,0,0,0,0,1
FS,30/11/2023,4/03/2024,spain-fs-pt-65,30,48,11,2023,4,10,3,2024,95,13,3,0,0,0,0,0,0,0,0,1
FS,28/11/2023,4/03/2024,spain-fs-pt-64,28,48,11,2023,4,10,3,2024,97,13,3,0,0,0,0,0,0,0,0,1
FS,22/11/2023,4/03/2024,spain-fs-pt-64,22,47,11,2023,4,10,3,2024,103,14,3,0,0,0,0,0,0,0,0,1
FS,20/11/2023,4/03/2024,spain-fs-pt-64,20,47,11,2023,4,10,3,2024,105,15,3,0,0,0,0,0,0,0,0,1
DS,27/11/2023,1/04/2024,spain-ds-pt-7,27,48,11,2023,1,14,4,2024,126,18,4,0,0,0,0,0,0,0,0,1
DS,24/11/2023,1/04/2024,spain-ds-pt-7,24,47,11,2023,1,14,4,2024,129,18,4,0,0,0,0,0,0,0,0,1
FS,15/11/2023,1/04/2024,spain-fs-pt-66,15,46,11,2023,1,14,4,2024,138,19,4,0,0,0,0,0,0,0,0,1
FS,22/11/2023,22/04/2024,spain-fs-pt-68,22,47,11,2023,22,17,4,2024,152,21,5,0,0,0,0,0,0,0,0,1
FS,7/11/2023,6/05/2024,spain-fs-pt-70,7,45,11,2023,6,19,5,2024,181,25,6,0,0,0,0,0,0,0,0,1
FS,30/11/2023,3/06/2024,spain-fs-pt-74,30,48,11,2023,3,23,6,2024,186,26,6,0,0,0,0,0,0,0,0,1
FS,6/11/2023,3/06/2024,spain-fs-pt-74,6,45,11,2023,3,23,6,2024,210,30,7,0,0,0,0,0,0,0,0,1
DS,3/11/2023,8/07/2024,spain-ds-pt-9,3,44,11,2023,8,28,7,2024,248,35,8,0,0,0,0,0,0,0,0,1
FS,29/12/2023,22/01/2024,spain-fs-pt-60,29,52,12,2023,22,4,1,2024,24,3,0,0,0,0,1,0,0,0,0,0
DS,29/12/2023,29/01/2024,spain-ds-pt-5,29,52,12,2023,29,5,1,2024,31,4,1,0,0,0,0,1,0,0,0,0
DS,28/12/2023,29/01/2024,spain-ds-pt-5,28,52,12,2023,29,5,1,2024,32,4,1,0,0,0,0,1,0,0,0,0
FS,12/12/2023,15/01/2024,spain-fs-pt-58,12,50,12,2023,15,3,1,2024,34,4,1,0,0,0,0,1,0,0,0,0
FS,18/12/2023,22/01/2024,spain-fs-pt-60,18,51,12,2023,22,4,1,2024,35,5,1,0,0,0,0,0,1,0,0,0
FS,14/12/2023,22/01/2024,spain-fs-pt-60,14,50,12,2023,22,4,1,2024,39,5,1,0,0,0,0,0,1,0,0,0
FS,29/12/2023,12/02/2024,spain-fs-pt-62,29,52,12,2023,12,7,2,2024,45,6,1,0,0,0,0,0,0,1,0,0
FS,21/12/2023,5/02/2024,spain-fs-pt-61,21,51,12,2023,5,6,2,2024,46,6,1,0,0,0,0,0,0,1,0,0
FS,21/12/2023,5/02/2024,spain-fs-pt-61,21,51,12,2023,5,6,2,2024,46,6,1,0,0,0,0,0,0,1,0,0
FS,27/12/2023,12/02/2024,spain-fs-pt-62,27,52,12,2023,12,7,2,2024,47,6,1,0,0,0,0,0,0,1,0,0
FS,5/12/2023,22/01/2024,spain-fs-pt-60,5,49,12,2023,22,4,1,2024,48,6,1,0,0,0,0,0,0,1,0,0
FS,5/12/2023,22/01/2024,spain-fs-pt-60,5,49,12,2023,22,4,1,2024,48,6,1,0,0,0,0,0,0,1,0,0
FS,4/12/2023,22/01/2024,spain-fs-pt-60,4,49,12,2023,22,4,1,2024,49,7,1,0,0,0,0,0,0,0,1,0
FS,18/12/2023,5/02/2024,spain-fs-pt-61,18,51,12,2023,5,6,2,2024,49,7,1,0,0,0,0,0,0,0,1,0
FS,11/12/2023,5/02/2024,spain-fs-pt-61,11,50,12,2023,5,6,2,2024,56,8,1,0,0,0,0,0,0,0,0,1
FS,11/12/2023,5/02/2024,spain-fs-pt-61,11,50,12,2023,5,6,2,2024,56,8,1,0,0,0,0,0,0,0,0,1
FS,15/12/2023,12/02/2024,spain-fs-pt-62,15,50,12,2023,12,7,2,2024,59,8,1,0,0,0,0,0,0,0,0,1
FS,4/12/2023,5/02/2024,spain-fs-pt-61,4,49,12,2023,5,6,2,2024,63,9,2,0,0,0,0,0,0,0,0,1
FS,31/12/2023,4/03/2024,spain-fs-pt-64,31,53,12,2023,4,10,3,2024,64,9,2,0,0,0,0,0,0,0,0,1
FS,27/12/2023,4/03/2024,spain-fs-pt-64,27,52,12,2023,4,10,3,2024,68,9,2,0,0,0,0,0,0,0,0,1
FS,13/12/2023,27/02/2024,spain-fs-pt-63,13,50,12,2023,27,9,2,2024,76,10,2,0,0,0,0,0,0,0,0,1
FS,19/12/2023,4/03/2024,spain-fs-pt-65,19,51,12,2023,4,10,3,2024,76,10,2,0,0,0,0,0,0,0,0,1
FS,12/12/2023,27/02/2024,spain-fs-pt-63,12,50,12,2023,27,9,2,2024,77,11,2,0,0,0,0,0,0,0,0,1
FS,18/12/2023,4/03/2024,spain-fs-pt-64,18,51,12,2023,4,10,3,2024,77,11,2,0,0,0,0,0,0,0,0,1
DS,1/12/2023,19/02/2024,spain-ds-pt-6,1,48,12,2023,19,8,2,2024,80,11,2,0,0,0,0,0,0,0,0,1
FS,12/12/2023,4/03/2024,spain-fs-pt-64,12,50,12,2023,4,10,3,2024,83,11,2,0,0,0,0,0,0,0,0,1
FS,2/12/2023,4/03/2024,spain-fs-pt-64,2,48,12,2023,4,10,3,2024,93,13,3,0,0,0,0,0,0,0,0,1
DS,11/12/2023,1/04/2024,spain-ds-pt-7,11,50,12,2023,1,14,4,2024,112,16,3,0,0,0,0,0,0,0,0,1
FS,18/12/2023,15/04/2024,spain-fs-pt-67,18,51,12,2023,15,16,4,2024,119,17,3,0,0,0,0,0,0,0,0,1
FS,7/12/2023,13/05/2024,spain-fs-pt-71,7,49,12,2023,13,20,5,2024,158,22,5,0,0,0,0,0,0,0,0,1
DS,30/12/2023,8/07/2024,spain-ds-pt-9,30,52,12,2023,8,28,7,2024,191,27,6,0,0,0,0,0,0,0,0,1
FS,21/12/2023,29/10/2024,spain-fs-pt-91,21,51,12,2023,29,44,10,2024,313,44,10,0,0,0,0,0,0,0,0,1