Program,buy_date,cohort_start_date,days_to_start,month_sale,month_start,month_diff,null_month,one_month,two_month,three_month,four_month,five_month,six_month,seven_month,eigth_month
FS,11/04/2023,11/04/2023,0,4,4,0,1,0,0,0,0,0,0,0,0
FS,11/04/2023,11/04/2023,0,4,4,0,1,0,0,0,0,0,0,0,0
FS,29/02/2024,4/03/2024,4,2,3,0,1,0,0,0,0,0,0,0,0
FS,23/02/2023,6/03/2023,11,2,3,0,1,0,0,0,0,0,0,0,0
FS,31/03/2023,11/04/2023,11,3,4,0,1,0,0,0,0,0,0,0,0
FS,13/07/2023,24/07/2023,11,7,7,0,1,0,0,0,0,0,0,0,0
FS,14/06/2023,26/06/2023,12,6,6,0,1,0,0,0,0,0,0,0,0
DS,26/06/2024,8/07/2024,12,6,7,0,1,0,0,0,0,0,0,0,0
FS,30/11/2023,12/12/2023,12,11,12,0,1,0,0,0,0,0,0,0,0
FS,11/04/2023,24/04/2023,13,4,4,0,1,0,0,0,0,0,0,0,0
FS,11/04/2023,24/04/2023,13,4,4,0,1,0,0,0,0,0,0,0,0
FS,14/02/2024,27/02/2024,13,2,2,0,1,0,0,0,0,0,0,0,0
FS,11/07/2023,24/07/2023,13,7,7,0,1,0,0,0,0,0,0,0,0
FS,29/08/2023,11/09/2023,13,8,9,0,1,0,0,0,0,0,0,0,0
FS,28/03/2023,11/04/2023,14,3,4,0,1,0,0,0,0,0,0,0,0
FS,8/05/2023,22/05/2023,14,5,5,0,1,0,0,0,0,0,0,0,0
FS,8/05/2023,22/05/2023,14,5,5,0,1,0,0,0,0,0,0,0,0
FS,3/06/2024,17/06/2024,14,6,6,0,1,0,0,0,0,0,0,0,0
DS,4/09/2023,18/09/2023,14,9,9,0,1,0,0,0,0,0,0,0,0
FS,9/10/2023,23/10/2023,14,10,10,0,1,0,0,0,0,0,0,0,0
FS,18/03/2024,1/04/2024,14,3,4,0,1,0,0,0,0,0,0,0,0
FS,23/09/2024,7/10/2024,14,9,10,0,1,0,0,0,0,0,0,0,0
FS,29/04/2024,14/05/2024,15,4,5,1,0,1,0,0,0,0,0,0,0
FS,5/05/2023,22/05/2023,17,5,5,1,0,1,0,0,0,0,0,0,0
CS,8/11/2024,25/11/2024,17,11,11,1,0,1,0,0,0,0,0,0,0
FS,19/01/2024,5/02/2024,17,1,2,1,0,1,0,0,0,0,0,0,0
FS,17/05/2024,3/06/2024,17,5,6,1,0,1,0,0,0,0,0,0,0
FS,17/05/2024,3/06/2024,17,5,6,1,0,1,0,0,0,0,0,0,0
DS,21/06/2024,8/07/2024,17,6,7,1,0,1,0,0,0,0,0,0,0
DS,21/06/2024,8/07/2024,17,6,7,1,0,1,0,0,0,0,0,0,0
DS,21/06/2024,8/07/2024,17,6,7,1,0,1,0,0,0,0,0,0,0
FS,9/03/2023,27/03/2023,18,3,3,1,0,1,0,0,0,0,0,0,0
FS,26/01/2023,13/02/2023,18,1,2,1,0,1,0,0,0,0,0,0,0
FS,26/01/2023,13/02/2023,18,1,2,1,0,1,0,0,0,0,0,0,0
FS,4/05/2023,22/05/2023,18,5,5,1,0,1,0,0,0,0,0,0,0
FS,4/05/2023,22/05/2023,18,5,5,1,0,1,0,0,0,0,0,0,0
FS,30/06/2023,18/07/2023,18,6,7,1,0,1,0,0,0,0,0,0,0
FS,30/06/2023,18/07/2023,18,6,7,1,0,1,0,0,0,0,0,0,0
FS,6/07/2023,24/07/2023,18,7,7,1,0,1,0,0,0,0,0,0,0
FS,11/10/2024,29/10/2024,18,10,10,1,0,1,0,0,0,0,0,0,0
FS,11/10/2024,29/10/2024,18,10,10,1,0,1,0,0,0,0,0,0,0
FS,7/11/2024,25/11/2024,18,11,11,1,0,1,0,0,0,0,0,0,0
FS,25/04/2024,13/05/2024,18,4,5,1,0,1,0,0,0,0,0,0,0
FS,24/08/2023,11/09/2023,18,8,9,1,0,1,0,0,0,0,0,0,0
DS,19/09/2024,7/10/2024,18,9,10,1,0,1,0,0,0,0,0,0,0
FS,9/10/2024,28/10/2024,19,10,10,1,0,1,0,0,0,0,0,0,0
FS,9/10/2024,28/10/2024,19,10,10,1,0,1,0,0,0,0,0,0,0
FS,10/10/2024,29/10/2024,19,10,10,1,0,1,0,0,0,0,0,0,0
CS,6/11/2024,25/11/2024,19,11,11,1,0,1,0,0,0,0,0,0,0
FS,29/05/2024,17/06/2024,19,5,6,1,0,1,0,0,0,0,0,0,0
FS,23/08/2023,11/09/2023,19,8,9,1,0,1,0,0,0,0,0,0,0
FS,7/03/2023,27/03/2023,20,3,3,1,0,1,0,0,0,0,0,0,0
FS,24/01/2023,13/02/2023,20,1,2,1,0,1,0,0,0,0,0,0,0
FS,7/05/2024,27/05/2024,20,5,5,1,0,1,0,0,0,0,0,0,0
FS,4/07/2023,24/07/2023,20,7,7,1,0,1,0,0,0,0,0,0,0
FS,13/02/2024,4/03/2024,20,2,3,1,0,1,0,0,0,0,0,0,0
DS,12/03/2024,1/04/2024,20,3,4,1,0,1,0,0,0,0,0,0,0
FS,26/03/2024,15/04/2024,20,3,4,1,0,1,0,0,0,0,0,0,0
FS,23/04/2024,13/05/2024,20,4,5,1,0,1,0,0,0,0,0,0,0
FS,22/08/2023,11/09/2023,20,8,9,1,0,1,0,0,0,0,0,0,0
DS,17/09/2024,7/10/2024,20,9,10,1,0,1,0,0,0,0,0,0,0
FS,3/01/2023,24/01/2023,21,1,1,1,0,1,0,0,0,0,0,0,0
FS,13/02/2023,6/03/2023,21,2,3,1,0,1,0,0,0,0,0,0,0
FS,6/02/2024,27/02/2024,21,2,2,1,0,1,0,0,0,0,0,0,0
FS,1/04/2024,22/04/2024,21,4,4,1,0,1,0,0,0,0,0,0,0
FS,1/04/2024,22/04/2024,21,4,4,1,0,1,0,0,0,0,0,0,0
FS,2/10/2023,23/10/2023,21,10,10,1,0,1,0,0,0,0,0,0,0
FS,7/10/2024,28/10/2024,21,10,10,1,0,1,0,0,0,0,0,0,0
FS,4/11/2024,25/11/2024,21,11,11,1,0,1,0,0,0,0,0,0,0
FS,13/05/2024,3/06/2024,21,5,6,1,0,1,0,0,0,0,0,0,0
FS,25/09/2023,16/10/2023,21,9,10,1,0,1,0,0,0,0,0,0,0
DS,16/09/2024,7/10/2024,21,9,10,1,0,1,0,0,0,0,0,0,0
DS,30/10/2023,20/11/2023,21,10,11,1,0,1,0,0,0,0,0,0,0
FS,31/10/2023,21/11/2023,21,10,11,1,0,1,0,0,0,0,0,0,0
FS,11/11/2024,2/12/2024,21,11,12,1,0,1,0,0,0,0,0,0,0
FS,2/01/2023,24/01/2023,22,1,1,1,0,1,0,0,0,0,0,0,0
FS,31/03/2024,22/04/2024,22,3,4,1,0,1,0,0,0,0,0,0,0
FS,29/04/2023,22/05/2023,23,4,5,1,0,1,0,0,0,0,0,0,0
DS,27/01/2024,19/02/2024,23,1,2,1,0,1,0,0,0,0,0,0,0
DS,9/03/2024,1/04/2024,23,3,4,1,0,1,0,0,0,0,0,0,0
FS,20/01/2023,13/02/2023,24,1,2,1,0,1,0,0,0,0,0,0,0
FS,30/06/2023,24/07/2023,24,6,7,1,0,1,0,0,0,0,0,0,0
FS,30/06/2023,24/07/2023,24,6,7,1,0,1,0,0,0,0,0,0,0
FS,29/12/2023,22/01/2024,24,12,1,1,0,1,0,0,0,0,0,0,0
FS,19/01/2024,12/02/2024,24,1,2,1,0,1,0,0,0,0,0,0,0
FS,8/03/2024,1/04/2024,24,3,4,1,0,1,0,0,0,0,0,0,0
FS,10/05/2024,3/06/2024,24,5,6,1,0,1,0,0,0,0,0,0,0
FS,22/09/2023,16/10/2023,24,9,10,1,0,1,0,0,0,0,0,0,0
FS,2/02/2024,27/02/2024,25,2,2,1,0,1,0,0,0,0,0,0,0
FS,19/04/2024,14/05/2024,25,4,5,1,0,1,0,0,0,0,0,0,0
DS,26/10/2023,20/11/2023,25,10,11,1,0,1,0,0,0,0,0,0,0
FS,31/10/2024,25/11/2024,25,10,11,1,0,1,0,0,0,0,0,0,0
FS,17/11/2023,12/12/2023,25,11,12,1,0,1,0,0,0,0,0,0,0
FS,1/02/2024,27/02/2024,26,2,2,1,0,1,0,0,0,0,0,0,0
FS,7/02/2024,4/03/2024,26,2,3,1,0,1,0,0,0,0,0,0,0
FS,18/04/2024,14/05/2024,26,4,5,1,0,1,0,0,0,0,0,0,0
FS,22/05/2024,17/06/2024,26,5,6,1,0,1,0,0,0,0,0,0,0
FS,22/05/2024,17/06/2024,26,5,6,1,0,1,0,0,0,0,0,0,0
FS,15/11/2023,11/12/2023,26,11,12,1,0,1,0,0,0,0,0,0,0
FS,6/11/2024,2/12/2024,26,11,12,1,0,1,0,0,0,0,0,0,0
FS,6/11/2024,2/12/2024,26,11,12,1,0,1,0,0,0,0,0,0,0
FS,28/02/2023,27/03/2023,27,2,3,1,0,1,0,0,0,0,0,0,0
FS,28/03/2023,24/04/2023,27,3,4,1,0,1,0,0,0,0,0,0,0
FS,27/06/2023,24/07/2023,27,6,7,1,0,1,0,0,0,0,0,0,0
FS,1/10/2024,28/10/2024,27,10,10,1,0,1,0,0,0,0,0,0,0
FS,6/02/2024,4/03/2024,27,2,3,1,0,1,0,0,0,0,0,0,0
FS,6/02/2024,4/03/2024,27,2,3,1,0,1,0,0,0,0,0,0,0
FS,5/03/2024,1/04/2024,27,3,4,1,0,1,0,0,0,0,0,0,0
FS,25/06/2024,22/07/2024,27,6,7,1,0,1,0,0,0,0,0,0,0
FS,10/09/2024,7/10/2024,27,9,10,1,0,1,0,0,0,0,0,0,0
DS,22/10/2024,18/11/2024,27,10,11,1,0,1,0,0,0,0,0,0,0
FS,5/11/2024,2/12/2024,27,11,12,1,0,1,0,0,0,0,0,0,0
FS,5/11/2024,2/12/2024,27,11,12,1,0,1,0,0,0,0,0,0,0
FS,5/11/2024,2/12/2024,27,11,12,1,0,1,0,0,0,0,0,0,0
FS,5/11/2024,2/12/2024,27,11,12,1,0,1,0,0,0,0,0,0,0
FS,5/11/2024,2/12/2024,27,11,12,1,0,1,0,0,0,0,0,0,0
FS,6/02/2023,6/03/2023,28,2,3,1,0,1,0,0,0,0,0,0,0
FS,27/02/2023,27/03/2023,28,2,3,1,0,1,0,0,0,0,0,0,0
FS,29/05/2023,26/06/2023,28,5,6,1,0,1,0,0,0,0,0,0,0
FS,15/01/2024,12/02/2024,28,1,2,1,0,1,0,0,0,0,0,0,0
FS,15/01/2024,12/02/2024,28,1,2,1,0,1,0,0,0,0,0,0,0
DS,22/01/2024,19/02/2024,28,1,2,1,0,1,0,0,0,0,0,0,0
FS,5/02/2024,4/03/2024,28,2,3,1,0,1,0,0,0,0,0,0,0
FS,5/02/2024,4/03/2024,28,2,3,1,0,1,0,0,0,0,0,0,0
DS,4/03/2024,1/04/2024,28,3,4,1,0,1,0,0,0,0,0,0,0
FS,25/03/2024,22/04/2024,28,3,4,1,0,1,0,0,0,0,0,0,0
FS,29/04/2024,27/05/2024,28,4,5,1,0,1,0,0,0,0,0,0,0
FS,29/04/2024,27/05/2024,28,4,5,1,0,1,0,0,0,0,0,0,0
FS,20/05/2024,17/06/2024,28,5,6,1,0,1,0,0,0,0,0,0,0
FS,20/05/2024,17/06/2024,28,5,6,1,0,1,0,0,0,0,0,0,0
FS,16/09/2024,14/10/2024,28,9,10,1,0,1,0,0,0,0,0,0,0
FS,30/09/2024,28/10/2024,28,9,10,1,0,1,0,0,0,0,0,0,0
FS,4/11/2024,2/12/2024,28,11,12,1,0,1,0,0,0,0,0,0,0
FS,4/11/2024,2/12/2024,28,11,12,1,0,1,0,0,0,0,0,0,0
FS,4/11/2024,2/12/2024,28,11,12,1,0,1,0,0,0,0,0,0,0
FS,13/11/2023,12/12/2023,29,11,12,1,0,1,0,0,0,0,0,0,0
FS,24/02/2023,27/03/2023,31,2,3,1,0,1,0,0,0,0,0,0,0
FS,21/04/2023,22/05/2023,31,4,5,1,0,1,0,0,0,0,0,0,0
FS,21/04/2023,22/05/2023,31,4,5,1,0,1,0,0,0,0,0,0,0
DS,29/12/2023,29/01/2024,31,12,1,1,0,1,0,0,0,0,0,0,0
FS,12/01/2024,12/02/2024,31,1,2,1,0,1,0,0,0,0,0,0,0
DS,19/01/2024,19/02/2024,31,1,2,1,0,1,0,0,0,0,0,0,0
DS,19/01/2024,19/02/2024,31,1,2,1,0,1,0,0,0,0,0,0,0
FS,1/03/2024,1/04/2024,31,3,4,1,0,1,0,0,0,0,0,0,0
FS,5/04/2024,6/05/2024,31,4,5,1,0,1,0,0,0,0,0,0,0
FS,5/04/2024,6/05/2024,31,4,5,1,0,1,0,0,0,0,0,0,0
FS,5/04/2024,6/05/2024,31,4,5,1,0,1,0,0,0,0,0,0,0
FS,5/04/2024,6/05/2024,31,4,5,1,0,1,0,0,0,0,0,0,0
FS,26/04/2024,27/05/2024,31,4,5,1,0,1,0,0,0,0,0,0,0
FS,26/04/2024,27/05/2024,31,4,5,1,0,1,0,0,0,0,0,0,0
FS,3/05/2024,3/06/2024,31,5,6,1,0,1,0,0,0,0,0,0,0
FS,3/05/2024,3/06/2024,31,5,6,1,0,1,0,0,0,0,0,0,0
FS,17/05/2024,17/06/2024,31,5,6,1,0,1,0,0,0,0,0,0,0
FS,17/05/2024,17/06/2024,31,5,6,1,0,1,0,0,0,0,0,0,0
FS,17/05/2024,17/06/2024,31,5,6,1,0,1,0,0,0,0,0,0,0
CS,25/10/2024,25/11/2024,31,10,11,1,0,1,0,0,0,0,0,0,0
FS,25/10/2024,25/11/2024,31,10,11,1,0,1,0,0,0,0,0,0,0
FS,12/01/2023,13/02/2023,32,1,2,1,0,1,0,0,0,0,0,0,0
FS,23/03/2023,24/04/2023,32,3,4,1,0,1,0,0,0,0,0,0,0
FS,20/04/2023,22/05/2023,32,4,5,1,0,1,0,0,0,0,0,0,0
FS,25/05/2023,26/06/2023,32,5,6,1,0,1,0,0,0,0,0,0,0
DS,28/12/2023,29/01/2024,32,12,1,1,0,1,0,0,0,0,0,0,0
DS,18/01/2024,19/02/2024,32,1,2,1,0,1,0,0,0,0,0,0,0
FS,21/03/2024,22/04/2024,32,3,4,1,0,1,0,0,0,0,0,0,0
FS,2/05/2024,3/06/2024,32,5,6,1,0,1,0,0,0,0,0,0,0
FS,16/05/2024,17/06/2024,32,5,6,1,0,1,0,0,0,0,0,0,0
FS,22/08/2024,23/09/2024,32,8,9,1,0,1,0,0,0,0,0,0,0
FS,14/09/2023,16/10/2023,32,9,10,1,0,1,0,0,0,0,0,0,0
FS,12/09/2024,14/10/2024,32,9,10,1,0,1,0,0,0,0,0,0,0
FS,26/09/2024,28/10/2024,32,9,10,1,0,1,0,0,0,0,0,0,0
FS,26/10/2023,27/11/2023,32,10,11,1,0,1,0,0,0,0,0,0,0
FS,26/10/2023,27/11/2023,32,10,11,1,0,1,0,0,0,0,0,0,0
DS,17/10/2024,18/11/2024,32,10,11,1,0,1,0,0,0,0,0,0,0
CS,24/10/2024,25/11/2024,32,10,11,1,0,1,0,0,0,0,0,0,0
FS,10/11/2023,12/12/2023,32,11,12,1,0,1,0,0,0,0,0,0,0
DS,7/11/2024,9/12/2024,32,11,12,1,0,1,0,0,0,0,0,0,0
DS,7/11/2024,9/12/2024,32,11,12,1,0,1,0,0,0,0,0,0,0
DS,29/02/2024,1/04/2024,32,2,4,1,0,1,0,0,0,0,0,0,0
FS,31/10/2024,2/12/2024,32,10,12,1,0,1,0,0,0,0,0,0,0
FS,31/10/2024,2/12/2024,32,10,12,1,0,1,0,0,0,0,0,0,0
FS,31/10/2024,2/12/2024,32,10,12,1,0,1,0,0,0,0,0,0,0
DS,26/04/2023,29/05/2023,33,4,5,1,0,1,0,0,0,0,0,0,0
FS,21/08/2024,23/09/2024,33,8,9,1,0,1,0,0,0,0,0,0,0
FS,13/09/2023,16/10/2023,33,9,10,1,0,1,0,0,0,0,0,0,0
FS,25/09/2024,28/10/2024,33,9,10,1,0,1,0,0,0,0,0,0,0
FS,25/09/2024,28/10/2024,33,9,10,1,0,1,0,0,0,0,0,0,0
DS,18/10/2023,20/11/2023,33,10,11,1,0,1,0,0,0,0,0,0,0
DS,16/10/2024,18/11/2024,33,10,11,1,0,1,0,0,0,0,0,0,0
CS,23/10/2024,25/11/2024,33,10,11,1,0,1,0,0,0,0,0,0,0
FS,23/10/2024,25/11/2024,33,10,11,1,0,1,0,0,0,0,0,0,0
DS,30/08/2023,2/10/2023,33,8,10,1,0,1,0,0,0,0,0,0,0
FS,21/03/2023,24/04/2023,34,3,4,1,0,1,0,0,0,0,0,0,0
FS,21/03/2023,24/04/2023,34,3,4,1,0,1,0,0,0,0,0,0,0
FS,31/01/2023,6/03/2023,34,1,3,1,0,1,0,0,0,0,0,0,0
FS,12/12/2023,15/01/2024,34,12,1,1,0,1,0,0,0,0,0,0,0
DS,16/01/2024,19/02/2024,34,1,2,1,0,1,0,0,0,0,0,0,0
FS,24/01/2024,27/02/2024,34,1,2,1,0,1,0,0,0,0,0,0,0
FS,2/04/2024,6/05/2024,34,4,5,1,0,1,0,0,0,0,0,0,0
FS,2/04/2024,6/05/2024,34,4,5,1,0,1,0,0,0,0,0,0,0
FS,2/04/2024,6/05/2024,34,4,5,1,0,1,0,0,0,0,0,0,0
FS,9/04/2024,13/05/2024,34,4,5,1,0,1,0,0,0,0,0,0,0
FS,23/04/2024,27/05/2024,34,4,5,1,0,1,0,0,0,0,0,0,0
FS,14/05/2024,17/06/2024,34,5,6,1,0,1,0,0,0,0,0,0,0
FS,8/08/2023,11/09/2023,34,8,9,1,0,1,0,0,0,0,0,0,0
FS,22/08/2023,25/09/2023,34,8,9,1,0,1,0,0,0,0,0,0,0
DS,3/09/2024,7/10/2024,34,9,10,1,0,1,0,0,0,0,0,0,0
FS,24/09/2024,28/10/2024,34,9,10,1,0,1,0,0,0,0,0,0,0
FS,24/09/2024,28/10/2024,34,9,10,1,0,1,0,0,0,0,0,0,0
FS,25/09/2024,29/10/2024,34,9,10,1,0,1,0,0,0,0,0,0,0
FS,8/11/2023,12/12/2023,34,11,12,1,0,1,0,0,0,0,0,0,0
FS,8/11/2023,12/12/2023,34,11,12,1,0,1,0,0,0,0,0,0,0
FS,30/01/2024,4/03/2024,34,1,3,1,0,1,0,0,0,0,0,0,0
FS,30/04/2024,3/06/2024,34,4,6,1,0,1,0,0,0,0,0,0,0
FS,29/10/2024,2/12/2024,34,10,12,1,0,1,0,0,0,0,0,0,0
FS,9/01/2023,13/02/2023,35,1,2,1,0,1,0,0,0,0,0,0,0
FS,20/02/2023,27/03/2023,35,2,3,1,0,1,0,0,0,0,0,0,0
FS,30/01/2023,6/03/2023,35,1,3,1,0,1,0,0,0,0,0,0,0
FS,30/01/2023,6/03/2023,35,1,3,1,0,1,0,0,0,0,0,0,0
FS,30/01/2023,6/03/2023,35,1,3,1,0,1,0,0,0,0,0,0,0
FS,17/04/2023,22/05/2023,35,4,5,1,0,1,0,0,0,0,0,0,0
FS,18/12/2023,22/01/2024,35,12,1,1,0,1,0,0,0,0,0,0,0
FS,8/01/2024,12/02/2024,35,1,2,1,0,1,0,0,0,0,0,0,0
FS,18/03/2024,22/04/2024,35,3,4,1,0,1,0,0,0,0,0,0,0
FS,18/03/2024,22/04/2024,35,3,4,1,0,1,0,0,0,0,0,0,0
FS,8/04/2024,13/05/2024,35,4,5,1,0,1,0,0,0,0,0,0,0
FS,22/04/2024,27/05/2024,35,4,5,1,0,1,0,0,0,0,0,0,0
FS,22/04/2024,27/05/2024,35,4,5,1,0,1,0,0,0,0,0,0,0
FS,22/04/2024,27/05/2024,35,4,5,1,0,1,0,0,0,0,0,0,0
FS,11/09/2023,16/10/2023,35,9,10,1,0,1,0,0,0,0,0,0,0
FS,2/09/2024,7/10/2024,35,9,10,1,0,1,0,0,0,0,0,0,0
FS,2/09/2024,7/10/2024,35,9,10,1,0,1,0,0,0,0,0,0,0
FS,9/09/2024,14/10/2024,35,9,10,1,0,1,0,0,0,0,0,0,0
FS,9/09/2024,14/10/2024,35,9,10,1,0,1,0,0,0,0,0,0,0
FS,9/09/2024,14/10/2024,35,9,10,1,0,1,0,0,0,0,0,0,0
FS,23/09/2024,28/10/2024,35,9,10,1,0,1,0,0,0,0,0,0,0
FS,24/09/2024,29/10/2024,35,9,10,1,0,1,0,0,0,0,0,0,0
DS,16/10/2023,20/11/2023,35,10,11,1,0,1,0,0,0,0,0,0,0
FS,23/10/2023,27/11/2023,35,10,11,1,0,1,0,0,0,0,0,0,0
DS,14/10/2024,18/11/2024,35,10,11,1,0,1,0,0,0,0,0,0,0
DS,14/10/2024,18/11/2024,35,10,11,1,0,1,0,0,0,0,0,0,0
CS,21/10/2024,25/11/2024,35,10,11,1,0,1,0,0,0,0,0,0,0
FS,21/10/2024,25/11/2024,35,10,11,1,0,1,0,0,0,0,0,0,0
DS,4/11/2024,9/12/2024,35,11,12,1,0,1,0,0,0,0,0,0,0
DS,4/11/2024,9/12/2024,35,11,12,1,0,1,0,0,0,0,0,0,0
FS,29/01/2024,4/03/2024,35,1,3,1,0,1,0,0,0,0,0,0,0
FS,26/02/2024,1/04/2024,35,2,4,1,0,1,0,0,0,0,0,0,0
FS,26/02/2024,1/04/2024,35,2,4,1,0,1,0,0,0,0,0,0,0
FS,26/02/2024,1/04/2024,35,2,4,1,0,1,0,0,0,0,0,0,0
FS,28/10/2024,2/12/2024,35,10,12,1,0,1,0,0,0,0,0,0,0
FS,8/04/2024,14/05/2024,36,4,5,1,0,1,0,0,0,0,0,0,0
FS,6/01/2024,12/02/2024,37,1,2,1,0,1,0,0,0,0,0,0,0
FS,20/04/2024,27/05/2024,37,4,5,1,0,1,0,0,0,0,0,0,0
FS,4/11/2023,11/12/2023,37,11,12,1,0,1,0,0,0,0,0,0,0
FS,27/01/2023,6/03/2023,38,1,3,1,0,1,0,0,0,0,0,0,0
FS,19/05/2023,26/06/2023,38,5,6,1,0,1,0,0,0,0,0,0,0
FS,19/05/2023,26/06/2023,38,5,6,1,0,1,0,0,0,0,0,0,0
DS,12/01/2024,19/02/2024,38,1,2,1,0,1,0,0,0,0,0,0,0
FS,19/04/2024,27/05/2024,38,4,5,1,0,1,0,0,0,0,0,0,0
FS,4/08/2023,11/09/2023,38,8,9,1,0,1,0,0,0,0,0,0,0
FS,6/09/2024,14/10/2024,38,9,10,1,0,1,0,0,0,0,0,0,0
FS,20/09/2024,28/10/2024,38,9,10,1,0,1,0,0,0,0,0,0,0
DS,11/10/2024,18/11/2024,38,10,11,1,0,1,0,0,0,0,0,0,0
FS,18/10/2024,25/11/2024,38,10,11,1,0,1,0,0,0,0,0,0,0
FS,18/10/2024,25/11/2024,38,10,11,1,0,1,0,0,0,0,0,0,0
FS,3/11/2023,11/12/2023,38,11,12,1,0,1,0,0,0,0,0,0,0
FS,26/01/2024,4/03/2024,38,1,3,1,0,1,0,0,0,0,0,0,0
FS,23/02/2024,1/04/2024,38,2,4,1,0,1,0,0,0,0,0,0,0
DS,31/05/2024,8/07/2024,38,5,7,1,0,1,0,0,0,0,0,0,0
FS,30/08/2024,7/10/2024,38,8,10,1,0,1,0,0,0,0,0,0,0
FS,30/08/2024,7/10/2024,38,8,10,1,0,1,0,0,0,0,0,0,0
FS,30/08/2024,7/10/2024,38,8,10,1,0,1,0,0,0,0,0,0,0
FS,25/10/2024,2/12/2024,38,10,12,1,0,1,0,0,0,0,0,0,0
FS,16/02/2023,27/03/2023,39,2,3,1,0,1,0,0,0,0,0,0,0
FS,16/02/2023,27/03/2023,39,2,3,1,0,1,0,0,0,0,0,0,0
FS,3/03/2023,11/04/2023,39,3,4,1,0,1,0,0,0,0,0,0,0
FS,26/01/2023,6/03/2023,39,1,3,1,0,1,0,0,0,0,0,0,0
FS,13/04/2023,22/05/2023,39,4,5,1,0,1,0,0,0,0,0,0,0
FS,14/12/2023,22/01/2024,39,12,1,1,0,1,0,0,0,0,0,0,0
FS,4/01/2024,12/02/2024,39,1,2,1,0,1,0,0,0,0,0,0,0
FS,4/01/2024,12/02/2024,39,1,2,1,0,1,0,0,0,0,0,0,0
FS,14/03/2024,22/04/2024,39,3,4,1,0,1,0,0,0,0,0,0,0
FS,14/03/2024,22/04/2024,39,3,4,1,0,1,0,0,0,0,0,0,0
FS,5/09/2024,14/10/2024,39,9,10,1,0,1,0,0,0,0,0,0,0
FS,19/09/2024,28/10/2024,39,9,10,1,0,1,0,0,0,0,0,0,0
CS,17/10/2024,25/11/2024,39,10,11,1,0,1,0,0,0,0,0,0,0
FS,17/10/2024,25/11/2024,39,10,11,1,0,1,0,0,0,0,0,0,0
FS,2/11/2023,11/12/2023,39,11,12,1,0,1,0,0,0,0,0,0,0
FS,3/11/2023,12/12/2023,39,11,12,1,0,1,0,0,0,0,0,0,0
FS,29/08/2024,7/10/2024,39,8,10,1,0,1,0,0,0,0,0,0,0
FS,29/08/2024,7/10/2024,39,8,10,1,0,1,0,0,0,0,0,0,0
FS,24/10/2024,2/12/2024,39,10,12,1,0,1,0,0,0,0,0,0,0
FS,24/10/2024,2/12/2024,39,10,12,1,0,1,0,0,0,0,0,0,0
DS,31/10/2024,9/12/2024,39,10,12,1,0,1,0,0,0,0,0,0,0
FS,3/01/2024,12/02/2024,40,1,2,1,0,1,0,0,0,0,0,0,0
FS,18/01/2024,27/02/2024,40,1,2,1,0,1,0,0,0,0,0,0,0
FS,3/04/2024,13/05/2024,40,4,5,1,0,1,0,0,0,0,0,0,0
FS,17/04/2024,27/05/2024,40,4,5,1,0,1,0,0,0,0,0,0,0
CS,11/09/2024,21/10/2024,40,9,10,1,0,1,0,0,0,0,0,0,0
FS,18/09/2024,28/10/2024,40,9,10,1,0,1,0,0,0,0,0,0,0
FS,12/10/2023,21/11/2023,40,10,11,1,0,1,0,0,0,0,0,0,0
FS,16/10/2024,25/11/2024,40,10,11,1,0,1,0,0,0,0,0,0,0
FS,16/10/2024,25/11/2024,40,10,11,1,0,1,0,0,0,0,0,0,0
FS,1/11/2023,11/12/2023,40,11,12,1,0,1,0,0,0,0,0,0,0
FS,21/02/2024,1/04/2024,40,2,4,1,0,1,0,0,0,0,0,0,0
FS,27/03/2024,6/05/2024,40,3,5,1,0,1,0,0,0,0,0,0,0
FS,24/04/2024,3/06/2024,40,4,6,1,0,1,0,0,0,0,0,0,0
FS,28/08/2024,7/10/2024,40,8,10,1,0,1,0,0,0,0,0,0,0
FS,28/08/2024,7/10/2024,40,8,10,1,0,1,0,0,0,0,0,0,0
FS,3/01/2023,13/02/2023,41,1,2,1,0,1,0,0,0,0,0,0,0
FS,14/03/2023,24/04/2023,41,3,4,1,0,1,0,0,0,0,0,0,0
FS,5/03/2024,15/04/2024,41,3,4,1,0,1,0,0,0,0,0,0,0
FS,12/03/2024,22/04/2024,41,3,4,1,0,1,0,0,0,0,0,0,0
FS,7/05/2024,17/06/2024,41,5,6,1,0,1,0,0,0,0,0,0,0
FS,11/06/2024,22/07/2024,41,6,7,1,0,1,0,0,0,0,0,0,0
FS,15/08/2023,25/09/2023,41,8,9,1,0,1,0,0,0,0,0,0,0
FS,6/08/2024,16/09/2024,41,8,9,1,0,1,0,0,0,0,0,0,0
FS,3/09/2024,14/10/2024,41,9,10,1,0,1,0,0,0,0,0,0,0
FS,3/09/2024,14/10/2024,41,9,10,1,0,1,0,0,0,0,0,0,0
FS,17/09/2024,28/10/2024,41,9,10,1,0,1,0,0,0,0,0,0,0
FS,17/10/2023,27/11/2023,41,10,11,1,0,1,0,0,0,0,0,0,0
FS,15/10/2024,25/11/2024,41,10,11,1,0,1,0,0,0,0,0,0,0
FS,20/02/2024,1/04/2024,41,2,4,1,0,1,0,0,0,0,0,0,0
FS,26/03/2024,6/05/2024,41,3,5,1,0,1,0,0,0,0,0,0,0
FS,22/10/2024,2/12/2024,41,10,12,1,0,1,0,0,0,0,0,0,0
FS,28/02/2023,11/04/2023,42,2,4,1,0,1,0,0,0,0,0,0,0
FS,28/02/2023,11/04/2023,42,2,4,1,0,1,0,0,0,0,0,0,0
DS,8/01/2024,19/02/2024,42,1,2,1,0,1,0,0,0,0,0,0,0
FS,16/01/2024,27/02/2024,42,1,2,1,0,1,0,0,0,0,0,0,0
FS,4/03/2024,15/04/2024,42,3,4,1,0,1,0,0,0,0,0,0,0
FS,4/03/2024,15/04/2024,42,3,4,1,0,1,0,0,0,0,0,0,0
FS,4/03/2024,15/04/2024,42,3,4,1,0,1,0,0,0,0,0,0,0
FS,4/03/2024,15/04/2024,42,3,4,1,0,1,0,0,0,0,0,0,0
DS,15/04/2024,27/05/2024,42,4,5,1,0,1,0,0,0,0,0,0,0
FS,10/06/2024,22/07/2024,42,6,7,1,0,1,0,0,0,0,0,0,0
FS,4/09/2023,16/10/2023,42,9,10,1,0,1,0,0,0,0,0,0,0
FS,2/09/2024,14/10/2024,42,9,10,1,0,1,0,0,0,0,0,0,0
FS,17/09/2024,29/10/2024,42,9,10,1,0,1,0,0,0,0,0,0,0
DS,7/10/2024,18/11/2024,42,10,11,1,0,1,0,0,0,0,0,0,0
FS,14/10/2024,25/11/2024,42,10,11,1,0,1,0,0,0,0,0,0,0
FS,14/10/2024,25/11/2024,42,10,11,1,0,1,0,0,0,0,0,0,0
FS,19/02/2024,1/04/2024,42,2,4,1,0,1,0,0,0,0,0,0,0
FS,22/04/2024,3/06/2024,42,4,6,1,0,1,0,0,0,0,0,0,0
DS,27/05/2024,8/07/2024,42,5,7,1,0,1,0,0,0,0,0,0,0
FS,31/07/2023,11/09/2023,42,7,9,1,0,1,0,0,0,0,0,0,0
FS,10/09/2023,23/10/2023,43,9,10,1,0,1,0,0,0,0,0,0,0
FS,16/09/2024,29/10/2024,43,9,10,1,0,1,0,0,0,0,0,0,0
FS,24/03/2024,6/05/2024,43,3,5,1,0,1,0,0,0,0,0,0,0
FS,13/05/2023,26/06/2023,44,5,6,1,0,1,0,0,0,0,0,0,0
FS,2/03/2024,15/04/2024,44,3,4,1,0,1,0,0,0,0,0,0,0
FS,4/05/2024,17/06/2024,44,5,6,1,0,1,0,0,0,0,0,0,0
FS,4/05/2024,17/06/2024,44,5,6,1,0,1,0,0,0,0,0,0,0
CS,7/09/2024,21/10/2024,44,9,10,1,0,1,0,0,0,0,0,0,0
FS,12/05/2023,26/06/2023,45,5,6,1,0,1,0,0,0,0,0,0,0
FS,12/05/2023,26/06/2023,45,5,6,1,0,1,0,0,0,0,0,0,0
FS,29/12/2023,12/02/2024,45,12,2,2,0,0,1,0,0,0,0,0,0
FS,1/03/2024,15/04/2024,45,3,4,2,0,0,1,0,0,0,0,0,0
FS,8/03/2024,22/04/2024,45,3,4,2,0,0,1,0,0,0,0,0,0
DS,12/04/2024,27/05/2024,45,4,5,2,0,0,1,0,0,0,0,0,0
FS,12/04/2024,27/05/2024,45,4,5,2,0,0,1,0,0,0,0,0,0
FS,12/04/2024,27/05/2024,45,4,5,2,0,0,1,0,0,0,0,0,0
FS,3/05/2024,17/06/2024,45,5,6,2,0,0,1,0,0,0,0,0,0
FS,7/06/2024,22/07/2024,45,6,7,2,0,0,1,0,0,0,0,0,0
FS,1/09/2023,16/10/2023,45,9,10,2,0,0,1,0,0,0,0,0,0
CS,11/10/2024,25/11/2024,45,10,11,2,0,0,1,0,0,0,0,0,0
FS,16/02/2024,1/04/2024,45,2,4,2,0,0,1,0,0,0,0,0,0
DS,24/05/2024,8/07/2024,45,5,7,2,0,0,1,0,0,0,0,0,0
FS,23/08/2024,7/10/2024,45,8,10,2,0,0,1,0,0,0,0,0,0
FS,30/08/2024,14/10/2024,45,8,10,2,0,0,1,0,0,0,0,0,0
FS,27/10/2023,11/12/2023,45,10,12,2,0,0,1,0,0,0,0,0,0
DS,25/10/2024,9/12/2024,45,10,12,2,0,0,1,0,0,0,0,0,0
FS,30/11/2023,15/01/2024,46,11,1,2,0,0,1,0,0,0,0,0,0
FS,21/12/2023,5/02/2024,46,12,2,2,0,0,1,0,0,0,0,0,0
FS,21/12/2023,5/02/2024,46,12,2,2,0,0,1,0,0,0,0,0,0
FS,7/03/2024,22/04/2024,46,3,4,2,0,0,1,0,0,0,0,0,0
FS,11/04/2024,27/05/2024,46,4,5,2,0,0,1,0,0,0,0,0,0
FS,6/06/2024,22/07/2024,46,6,7,2,0,0,1,0,0,0,0,0,0
FS,10/08/2023,25/09/2023,46,8,9,2,0,0,1,0,0,0,0,0,0
FS,7/09/2023,23/10/2023,46,9,10,2,0,0,1,0,0,0,0,0,0
CS,5/09/2024,21/10/2024,46,9,10,2,0,0,1,0,0,0,0,0,0
CS,10/10/2024,25/11/2024,46,10,11,2,0,0,1,0,0,0,0,0,0
DS,15/02/2024,1/04/2024,46,2,4,2,0,0,1,0,0,0,0,0,0
DS,15/02/2024,1/04/2024,46,2,4,2,0,0,1,0,0,0,0,0,0
FS,29/02/2024,15/04/2024,46,2,4,2,0,0,1,0,0,0,0,0,0
FS,29/02/2024,15/04/2024,46,2,4,2,0,0,1,0,0,0,0,0,0
FS,21/03/2024,6/05/2024,46,3,5,2,0,0,1,0,0,0,0,0,0
DS,23/05/2024,8/07/2024,46,5,7,2,0,0,1,0,0,0,0,0,0
DS,23/05/2024,8/07/2024,46,5,7,2,0,0,1,0,0,0,0,0,0
DS,17/08/2023,2/10/2023,46,8,10,2,0,0,1,0,0,0,0,0,0
FS,31/08/2023,16/10/2023,46,8,10,2,0,0,1,0,0,0,0,0,0
DS,22/08/2024,7/10/2024,46,8,10,2,0,0,1,0,0,0,0,0,0
FS,22/03/2023,8/05/2023,47,3,5,2,0,0,1,0,0,0,0,0,0
FS,27/12/2023,12/02/2024,47,12,2,2,0,0,1,0,0,0,0,0,0
FS,5/06/2024,22/07/2024,47,6,7,2,0,0,1,0,0,0,0,0,0
FS,5/06/2024,22/07/2024,47,6,7,2,0,0,1,0,0,0,0,0,0
FS,9/08/2023,25/09/2023,47,8,9,2,0,0,1,0,0,0,0,0,0
CS,4/09/2024,21/10/2024,47,9,10,2,0,0,1,0,0,0,0,0,0
FS,12/09/2024,29/10/2024,47,9,10,2,0,0,1,0,0,0,0,0,0
FS,12/09/2024,29/10/2024,47,9,10,2,0,0,1,0,0,0,0,0,0
FS,5/10/2023,21/11/2023,47,10,11,2,0,0,1,0,0,0,0,0,0
DS,2/10/2024,18/11/2024,47,10,11,2,0,0,1,0,0,0,0,0,0
FS,9/10/2024,25/11/2024,47,10,11,2,0,0,1,0,0,0,0,0,0
FS,29/05/2024,15/07/2024,47,5,7,2,0,0,1,0,0,0,0,0,0
FS,29/05/2024,15/07/2024,47,5,7,2,0,0,1,0,0,0,0,0,0
FS,30/08/2023,16/10/2023,47,8,10,2,0,0,1,0,0,0,0,0,0
FS,20/09/2023,6/11/2023,47,9,11,2,0,0,1,0,0,0,0,0,0
FS,16/10/2024,2/12/2024,47,10,12,2,0,0,1,0,0,0,0,0,0
FS,16/10/2024,2/12/2024,47,10,12,2,0,0,1,0,0,0,0,0,0
FS,16/10/2024,2/12/2024,47,10,12,2,0,0,1,0,0,0,0,0,0
FS,5/12/2023,22/01/2024,48,12,1,2,0,0,1,0,0,0,0,0,0
FS,5/12/2023,22/01/2024,48,12,1,2,0,0,1,0,0,0,0,0,0
FS,9/04/2024,27/05/2024,48,4,5,2,0,0,1,0,0,0,0,0,0
FS,4/06/2024,22/07/2024,48,6,7,2,0,0,1,0,0,0,0,0,0
FS,4/06/2024,22/07/2024,48,6,7,2,0,0,1,0,0,0,0,0,0
FS,4/06/2024,22/07/2024,48,6,7,2,0,0,1,0,0,0,0,0,0
FS,4/10/2023,21/11/2023,48,10,11,2,0,0,1,0,0,0,0,0,0
FS,10/10/2023,27/11/2023,48,10,11,2,0,0,1,0,0,0,0,0,0
FS,30/04/2024,17/06/2024,48,4,6,2,0,0,1,0,0,0,0,0,0
FS,30/04/2024,17/06/2024,48,4,6,2,0,0,1,0,0,0,0,0,0
DS,22/10/2024,9/12/2024,48,10,12,2,0,0,1,0,0,0,0,0,0
FS,4/12/2023,22/01/2024,49,12,1,2,0,0,1,0,0,0,0,0,0
FS,18/12/2023,5/02/2024,49,12,2,2,0,0,1,0,0,0,0,0,0
FS,3/06/2024,22/07/2024,49,6,7,2,0,0,1,0,0,0,0,0,0
FS,3/06/2024,22/07/2024,49,6,7,2,0,0,1,0,0,0,0,0,0
FS,9/10/2023,27/11/2023,49,10,11,2,0,0,1,0,0,0,0,0,0
FS,15/04/2024,3/06/2024,49,4,6,2,0,0,1,0,0,0,0,0,0
FS,29/04/2024,17/06/2024,49,4,6,2,0,0,1,0,0,0,0,0,0
FS,27/05/2024,15/07/2024,49,5,7,2,0,0,1,0,0,0,0,0,0
FS,28/08/2023,16/10/2023,49,8,10,2,0,0,1,0,0,0,0,0,0
FS,18/09/2023,6/11/2023,49,9,11,2,0,0,1,0,0,0,0,0,0
FS,23/09/2024,11/11/2024,49,9,11,2,0,0,1,0,0,0,0,0,0
DS,30/09/2024,18/11/2024,49,9,11,2,0,0,1,0,0,0,0,0,0
FS,14/10/2024,2/12/2024,49,10,12,2,0,0,1,0,0,0,0,0,0
DS,21/10/2024,9/12/2024,49,10,12,2,0,0,1,0,0,0,0,0,0
DS,21/10/2024,9/12/2024,49,10,12,2,0,0,1,0,0,0,0,0,0
FS,2/10/2023,21/11/2023,50,10,11,2,0,0,1,0,0,0,0,0,0
FS,9/08/2024,30/09/2024,52,8,9,2,0,0,1,0,0,0,0,0,0
CS,4/10/2024,25/11/2024,52,10,11,2,0,0,1,0,0,0,0,0,0
FS,24/05/2024,15/07/2024,52,5,7,2,0,0,1,0,0,0,0,0,0
FS,24/05/2024,15/07/2024,52,5,7,2,0,0,1,0,0,0,0,0,0
FS,24/05/2024,15/07/2024,52,5,7,2,0,0,1,0,0,0,0,0,0
FS,31/05/2024,22/07/2024,52,5,7,2,0,0,1,0,0,0,0,0,0
FS,21/07/2023,11/09/2023,52,7,9,2,0,0,1,0,0,0,0,0,0
DS,29/09/2023,20/11/2023,52,9,11,2,0,0,1,0,0,0,0,0,0
FS,30/09/2023,21/11/2023,52,9,11,2,0,0,1,0,0,0,0,0,0
FS,20/09/2024,11/11/2024,52,9,11,2,0,0,1,0,0,0,0,0,0
DS,27/09/2024,18/11/2024,52,9,11,2,0,0,1,0,0,0,0,0,0
DS,27/09/2024,18/11/2024,52,9,11,2,0,0,1,0,0,0,0,0,0
FS,26/05/2023,18/07/2023,53,5,7,2,0,0,1,0,0,0,0,0,0
FS,30/11/2023,22/01/2024,53,11,1,2,0,0,1,0,0,0,0,0,0
FS,30/11/2023,22/01/2024,53,11,1,2,0,0,1,0,0,0,0,0,0
FS,3/08/2023,25/09/2023,53,8,9,2,0,0,1,0,0,0,0,0,0
FS,8/08/2024,30/09/2024,53,8,9,2,0,0,1,0,0,0,0,0,0
CS,3/10/2024,25/11/2024,53,10,11,2,0,0,1,0,0,0,0,0,0
CS,3/10/2024,25/11/2024,53,10,11,2,0,0,1,0,0,0,0,0,0
FS,11/01/2024,4/03/2024,53,1,3,2,0,0,1,0,0,0,0,0,0
FS,11/01/2024,4/03/2024,53,1,3,2,0,0,1,0,0,0,0,0,0
FS,8/02/2024,1/04/2024,53,2,4,2,0,0,1,0,0,0,0,0,0
FS,23/05/2024,15/07/2024,53,5,7,2,0,0,1,0,0,0,0,0,0
FS,24/08/2023,16/10/2023,53,8,10,2,0,0,1,0,0,0,0,0,0
FS,24/08/2023,16/10/2023,53,8,10,2,0,0,1,0,0,0,0,0,0
FS,31/08/2023,23/10/2023,53,8,10,2,0,0,1,0,0,0,0,0,0
FS,14/09/2023,6/11/2023,53,9,11,2,0,0,1,0,0,0,0,0,0
FS,31/05/2023,24/07/2023,54,5,7,2,0,0,1,0,0,0,0,0,0
DS,3/04/2024,27/05/2024,54,4,5,2,0,0,1,0,0,0,0,0,0
FS,4/10/2023,27/11/2023,54,10,11,2,0,0,1,0,0,0,0,0,0
FS,10/01/2024,4/03/2024,54,1,3,2,0,0,1,0,0,0,0,0,0
FS,10/01/2024,4/03/2024,54,1,3,2,0,0,1,0,0,0,0,0,0
FS,24/04/2024,17/06/2024,54,4,6,2,0,0,1,0,0,0,0,0,0
FS,19/07/2023,11/09/2023,54,7,9,2,0,0,1,0,0,0,0,0,0
FS,13/09/2023,6/11/2023,54,9,11,2,0,0,1,0,0,0,0,0,0
FS,13/09/2023,6/11/2023,54,9,11,2,0,0,1,0,0,0,0,0,0
DS,27/09/2023,20/11/2023,54,9,11,2,0,0,1,0,0,0,0,0,0
FS,28/09/2023,21/11/2023,54,9,11,2,0,0,1,0,0,0,0,0,0
FS,18/09/2024,11/11/2024,54,9,11,2,0,0,1,0,0,0,0,0,0
FS,9/10/2024,2/12/2024,54,10,12,2,0,0,1,0,0,0,0,0,0
FS,9/10/2024,2/12/2024,54,10,12,2,0,0,1,0,0,0,0,0,0
FS,14/11/2024,8/01/2025,55,11,1,2,0,0,1,0,0,0,0,0,0
FS,3/01/2024,27/02/2024,55,1,2,2,0,0,1,0,0,0,0,0,0
FS,6/08/2024,30/09/2024,55,8,9,2,0,0,1,0,0,0,0,0,0
FS,4/09/2024,29/10/2024,55,9,10,2,0,0,1,0,0,0,0,0,0
FS,4/09/2024,29/10/2024,55,9,10,2,0,0,1,0,0,0,0,0,0
FS,27/02/2024,22/04/2024,55,2,4,2,0,0,1,0,0,0,0,0,0
FS,19/03/2024,13/05/2024,55,3,5,2,0,0,1,0,0,0,0,0,0
FS,27/09/2023,21/11/2023,55,9,11,2,0,0,1,0,0,0,0,0,0
FS,29/05/2023,24/07/2023,56,5,7,2,0,0,1,0,0,0,0,0,0
FS,20/11/2023,15/01/2024,56,11,1,2,0,0,1,0,0,0,0,0,0
FS,11/12/2023,5/02/2024,56,12,2,2,0,0,1,0,0,0,0,0,0
FS,11/12/2023,5/02/2024,56,12,2,2,0,0,1,0,0,0,0,0,0
DS,1/04/2024,27/05/2024,56,4,5,2,0,0,1,0,0,0,0,0,0
FS,18/03/2024,13/05/2024,56,3,5,2,0,0,1,0,0,0,0,0,0
FS,31/07/2023,25/09/2023,56,7,9,2,0,0,1,0,0,0,0,0,0
FS,15/07/2024,9/09/2024,56,7,9,2,0,0,1,0,0,0,0,0,0
FS,21/08/2023,16/10/2023,56,8,10,2,0,0,1,0,0,0,0,0,0
FS,12/08/2024,7/10/2024,56,8,10,2,0,0,1,0,0,0,0,0,0
CS,26/08/2024,21/10/2024,56,8,10,2,0,0,1,0,0,0,0,0,0
FS,26/09/2023,21/11/2023,56,9,11,2,0,0,1,0,0,0,0,0,0
FS,16/09/2024,11/11/2024,56,9,11,2,0,0,1,0,0,0,0,0,0
CS,30/09/2024,25/11/2024,56,9,11,2,0,0,1,0,0,0,0,0,0
CS,30/09/2024,25/11/2024,56,9,11,2,0,0,1,0,0,0,0,0,0
FS,16/10/2023,11/12/2023,56,10,12,2,0,0,1,0,0,0,0,0,0
FS,17/10/2023,12/12/2023,56,10,12,2,0,0,1,0,0,0,0,0,0
FS,7/10/2024,2/12/2024,56,10,12,2,0,0,1,0,0,0,0,0,0
FS,4/02/2024,1/04/2024,57,2,4,2,0,0,1,0,0,0,0,0,0
FS,25/09/2023,21/11/2023,57,9,11,2,0,0,1,0,0,0,0,0,0
FS,11/11/2024,8/01/2025,58,11,1,2,0,0,1,0,0,0,0,0,0
FS,27/01/2023,27/03/2023,59,1,3,2,0,0,1,0,0,0,0,0,0
FS,24/03/2023,22/05/2023,59,3,5,2,0,0,1,0,0,0,0,0,0
DS,31/03/2023,29/05/2023,59,3,5,2,0,0,1,0,0,0,0,0,0
DS,31/03/2023,29/05/2023,59,3,5,2,0,0,1,0,0,0,0,0,0
FS,24/11/2023,22/01/2024,59,11,1,2,0,0,1,0,0,0,0,0,0
FS,15/12/2023,12/02/2024,59,12,2,2,0,0,1,0,0,0,0,0,0
FS,2/08/2024,30/09/2024,59,8,9,2,0,0,1,0,0,0,0,0,0
FS,23/02/2024,22/04/2024,59,2,4,2,0,0,1,0,0,0,0,0,0
FS,19/04/2024,17/06/2024,59,4,6,2,0,0,1,0,0,0,0,0,0
FS,17/05/2024,15/07/2024,59,5,7,2,0,0,1,0,0,0,0,0,0
FS,14/07/2023,11/09/2023,59,7,9,2,0,0,1,0,0,0,0,0,0
FS,28/07/2023,25/09/2023,59,7,9,2,0,0,1,0,0,0,0,0,0
FS,12/07/2024,9/09/2024,59,7,9,2,0,0,1,0,0,0,0,0,0
FS,9/08/2024,7/10/2024,59,8,10,2,0,0,1,0,0,0,0,0,0
DS,22/09/2023,20/11/2023,59,9,11,2,0,0,1,0,0,0,0,0,0
DS,20/09/2024,18/11/2024,59,9,11,2,0,0,1,0,0,0,0,0,0
CS,27/09/2024,25/11/2024,59,9,11,2,0,0,1,0,0,0,0,0,0
FS,1/08/2024,30/09/2024,60,8,9,2,0,0,1,0,0,0,0,0,0
FS,15/02/2024,15/04/2024,60,2,4,2,0,0,1,0,0,0,0,0,0
FS,11/07/2024,9/09/2024,60,7,9,2,0,0,1,0,0,0,0,0,0
FS,11/07/2024,9/09/2024,60,7,9,2,0,0,1,0,0,0,0,0,0
DS,8/08/2024,7/10/2024,60,8,10,2,0,0,1,0,0,0,0,0,0
FS,7/09/2023,6/11/2023,60,9,11,2,0,0,1,0,0,0,0,0,0
FS,7/09/2023,6/11/2023,60,9,11,2,0,0,1,0,0,0,0,0,0
FS,7/09/2023,6/11/2023,60,9,11,2,0,0,1,0,0,0,0,0,0
FS,12/09/2024,11/11/2024,60,9,11,2,0,0,1,0,0,0,0,0,0
DS,19/09/2024,18/11/2024,60,9,11,2,0,0,1,0,0,0,0,0,0
FS,4/01/2023,6/03/2023,61,1,3,2,0,0,1,0,0,0,0,0,0
FS,8/11/2024,8/01/2025,61,11,1,2,0,0,1,0,0,0,0,0,0
FS,3/01/2024,4/03/2024,61,1,3,2,0,0,1,0,0,0,0,0,0
FS,21/02/2024,22/04/2024,61,2,4,2,0,0,1,0,0,0,0,0,0
DS,8/05/2024,8/07/2024,61,5,7,2,0,0,1,0,0,0,0,0,0
FS,3/07/2024,2/09/2024,61,7,9,2,0,0,1,0,0,0,0,0,0
FS,10/07/2024,9/09/2024,61,7,9,2,0,0,1,0,0,0,0,0,0
FS,10/07/2024,9/09/2024,61,7,9,2,0,0,1,0,0,0,0,0,0
DS,17/07/2024,16/09/2024,61,7,9,2,0,0,1,0,0,0,0,0,0
FS,31/07/2024,30/09/2024,61,7,9,2,0,0,1,0,0,0,0,0,0
CS,21/08/2024,21/10/2024,61,8,10,2,0,0,1,0,0,0,0,0,0
FS,6/09/2023,6/11/2023,61,9,11,2,0,0,1,0,0,0,0,0,0
FS,6/09/2023,6/11/2023,61,9,11,2,0,0,1,0,0,0,0,0,0
FS,21/09/2023,21/11/2023,61,9,11,2,0,0,1,0,0,0,0,0,0
FS,27/09/2023,27/11/2023,61,9,11,2,0,0,1,0,0,0,0,0,0
FS,11/09/2024,11/11/2024,61,9,11,2,0,0,1,0,0,0,0,0,0
CS,25/09/2024,25/11/2024,61,9,11,2,0,0,1,0,0,0,0,0,0
FS,14/11/2023,15/01/2024,62,11,1,2,0,0,1,0,0,0,0,0,0
FS,14/11/2023,15/01/2024,62,11,1,2,0,0,1,0,0,0,0,0,0
FS,21/11/2023,22/01/2024,62,11,1,2,0,0,1,0,0,0,0,0,0
FS,7/11/2024,8/01/2025,62,11,1,2,0,0,1,0,0,0,0,0,0
FS,2/01/2024,4/03/2024,62,1,3,2,0,0,1,0,0,0,0,0,0
FS,25/07/2023,25/09/2023,62,7,9,2,0,0,1,0,0,0,0,0,0
FS,9/07/2024,9/09/2024,62,7,9,2,0,0,1,0,0,0,0,0,0
DS,16/07/2024,16/09/2024,62,7,9,2,0,0,1,0,0,0,0,0,0
FS,27/08/2024,28/10/2024,62,8,10,2,0,0,1,0,0,0,0,0,0
FS,1/10/2024,2/12/2024,62,10,12,2,0,0,1,0,0,0,0,0,0
CS,11/11/2024,13/01/2025,63,11,1,2,0,0,1,0,0,0,0,0,0
FS,4/12/2023,5/02/2024,63,12,2,2,0,0,1,0,0,0,0,0,0
FS,10/07/2023,11/09/2023,63,7,9,2,0,0,1,0,0,0,0,0,0
FS,10/07/2023,11/09/2023,63,7,9,2,0,0,1,0,0,0,0,0,0
FS,10/07/2023,11/09/2023,63,7,9,2,0,0,1,0,0,0,0,0,0
FS,24/07/2023,25/09/2023,63,7,9,2,0,0,1,0,0,0,0,0,0
FS,24/07/2023,25/09/2023,63,7,9,2,0,0,1,0,0,0,0,0,0
FS,1/07/2024,2/09/2024,63,7,9,2,0,0,1,0,0,0,0,0,0
FS,1/07/2024,2/09/2024,63,7,9,2,0,0,1,0,0,0,0,0,0
FS,8/07/2024,9/09/2024,63,7,9,2,0,0,1,0,0,0,0,0,0
FS,8/07/2024,9/09/2024,63,7,9,2,0,0,1,0,0,0,0,0,0
FS,8/07/2024,9/09/2024,63,7,9,2,0,0,1,0,0,0,0,0,0
FS,8/07/2024,9/09/2024,63,7,9,2,0,0,1,0,0,0,0,0,0
FS,22/07/2024,23/09/2024,63,7,9,2,0,0,1,0,0,0,0,0,0
FS,29/07/2024,30/09/2024,63,7,9,2,0,0,1,0,0,0,0,0,0
DS,5/08/2024,7/10/2024,63,8,10,2,0,0,1,0,0,0,0,0,0
FS,26/08/2024,28/10/2024,63,8,10,2,0,0,1,0,0,0,0,0,0
FS,26/08/2024,28/10/2024,63,8,10,2,0,0,1,0,0,0,0,0,0
FS,19/09/2023,21/11/2023,63,9,11,2,0,0,1,0,0,0,0,0,0
FS,9/10/2023,11/12/2023,63,10,12,2,0,0,1,0,0,0,0,0,0
DS,31/07/2023,2/10/2023,63,7,10,2,0,0,1,0,0,0,0,0,0
FS,30/09/2024,2/12/2024,63,9,12,2,0,0,1,0,0,0,0,0,0
FS,31/12/2023,4/03/2024,64,12,3,2,0,0,1,0,0,0,0,0,0
FS,9/10/2023,12/12/2023,64,10,12,2,0,0,1,0,0,0,0,0,0
FS,3/03/2023,8/05/2023,66,3,5,2,0,0,1,0,0,0,0,0,0
FS,10/11/2023,15/01/2024,66,11,1,2,0,0,1,0,0,0,0,0,0
FS,1/03/2024,6/05/2024,66,3,5,2,0,0,1,0,0,0,0,0,0
DS,12/07/2024,16/09/2024,66,7,9,2,0,0,1,0,0,0,0,0,0
FS,19/07/2024,23/09/2024,66,7,9,2,0,0,1,0,0,0,0,0,0
FS,26/07/2024,30/09/2024,66,7,9,2,0,0,1,0,0,0,0,0,0
DS,13/09/2024,18/11/2024,66,9,11,2,0,0,1,0,0,0,0,0,0
FS,28/06/2024,2/09/2024,66,6,9,2,0,0,1,0,0,0,0,0,0
FS,8/03/2024,14/05/2024,67,3,5,2,0,0,1,0,0,0,0,0,0
FS,4/07/2024,9/09/2024,67,7,9,2,0,0,1,0,0,0,0,0,0
FS,18/07/2024,23/09/2024,67,7,9,2,0,0,1,0,0,0,0,0,0
FS,18/07/2024,23/09/2024,67,7,9,2,0,0,1,0,0,0,0,0,0
FS,18/07/2024,23/09/2024,67,7,9,2,0,0,1,0,0,0,0,0,0
FS,25/07/2024,30/09/2024,67,7,9,2,0,0,1,0,0,0,0,0,0
FS,27/06/2024,2/09/2024,67,6,9,2,0,0,1,0,0,0,0,0,0
DS,22/03/2023,29/05/2023,68,3,5,2,0,0,1,0,0,0,0,0,0
FS,27/12/2023,4/03/2024,68,12,3,2,0,0,1,0,0,0,0,0,0
FS,7/03/2024,14/05/2024,68,3,5,2,0,0,1,0,0,0,0,0,0
DS,20/03/2024,27/05/2024,68,3,5,2,0,0,1,0,0,0,0,0,0
FS,10/04/2024,17/06/2024,68,4,6,2,0,0,1,0,0,0,0,0,0
FS,3/07/2024,9/09/2024,68,7,9,2,0,0,1,0,0,0,0,0,0
FS,17/07/2024,23/09/2024,68,7,9,2,0,0,1,0,0,0,0,0,0
FS,17/07/2024,23/09/2024,68,7,9,2,0,0,1,0,0,0,0,0,0
FS,17/07/2024,23/09/2024,68,7,9,2,0,0,1,0,0,0,0,0,0
FS,24/07/2024,30/09/2024,68,7,9,2,0,0,1,0,0,0,0,0,0
FS,24/07/2024,30/09/2024,68,7,9,2,0,0,1,0,0,0,0,0,0
DS,13/09/2023,20/11/2023,68,9,11,2,0,0,1,0,0,0,0,0,0
FS,20/09/2023,27/11/2023,68,9,11,2,0,0,1,0,0,0,0,0,0
FS,4/10/2023,11/12/2023,68,10,12,2,0,0,1,0,0,0,0,0,0
FS,5/10/2023,12/12/2023,68,10,12,2,0,0,1,0,0,0,0,0,0
FS,26/06/2024,2/09/2024,68,6,9,2,0,0,1,0,0,0,0,0,0
DS,21/03/2023,29/05/2023,69,3,5,2,0,0,1,0,0,0,0,0,0
FS,28/02/2023,8/05/2023,69,2,5,2,0,0,1,0,0,0,0,0,0
FS,10/05/2023,18/07/2023,69,5,7,2,0,0,1,0,0,0,0,0,0
FS,7/11/2023,15/01/2024,69,11,1,2,0,0,1,0,0,0,0,0,0
FS,28/11/2023,5/02/2024,69,11,2,2,0,0,1,0,0,0,0,0,0
FS,28/11/2023,5/02/2024,69,11,2,2,0,0,1,0,0,0,0,0,0
FS,6/02/2024,15/04/2024,69,2,4,2,0,0,1,0,0,0,0,0,0
DS,19/03/2024,27/05/2024,69,3,5,2,0,0,1,0,0,0,0,0,0
FS,2/07/2024,9/09/2024,69,7,9,2,0,0,1,0,0,0,0,0,0
FS,16/07/2024,23/09/2024,69,7,9,2,0,0,1,0,0,0,0,0,0
FS,21/08/2024,29/10/2024,69,8,10,2,0,0,1,0,0,0,0,0,0
FS,21/08/2024,29/10/2024,69,8,10,2,0,0,1,0,0,0,0,0,0
FS,3/10/2023,11/12/2023,69,10,12,2,0,0,1,0,0,0,0,0,0
FS,29/08/2023,6/11/2023,69,8,11,2,0,0,1,0,0,0,0,0,0
FS,16/01/2023,27/03/2023,70,1,3,2,0,0,1,0,0,0,0,0,0
FS,27/02/2023,8/05/2023,70,2,5,2,0,0,1,0,0,0,0,0,0
FS,6/11/2023,15/01/2024,70,11,1,2,0,0,1,0,0,0,0,0,0
FS,12/02/2024,22/04/2024,70,2,4,2,0,0,1,0,0,0,0,0,0
DS,18/03/2024,27/05/2024,70,3,5,2,0,0,1,0,0,0,0,0,0
FS,15/07/2024,23/09/2024,70,7,9,2,0,0,1,0,0,0,0,0,0
FS,19/08/2024,28/10/2024,70,8,10,2,0,0,1,0,0,0,0,0,0
FS,12/09/2023,21/11/2023,70,9,11,2,0,0,1,0,0,0,0,0,0
FS,24/06/2024,2/09/2024,70,6,9,2,0,0,1,0,0,0,0,0,0
FS,20/07/2024,30/09/2024,72,7,9,2,0,0,1,0,0,0,0,0,0
FS,24/02/2023,8/05/2023,73,2,5,2,0,0,1,0,0,0,0,0,0
FS,3/05/2024,15/07/2024,73,5,7,2,0,0,1,0,0,0,0,0,0
CS,12/07/2024,23/09/2024,73,7,9,2,0,0,1,0,0,0,0,0,0
FS,12/07/2024,23/09/2024,73,7,9,2,0,0,1,0,0,0,0,0,0
FS,19/07/2024,30/09/2024,73,7,9,2,0,0,1,0,0,0,0,0,0
CS,9/08/2024,21/10/2024,73,8,10,2,0,0,1,0,0,0,0,0,0
FS,21/06/2024,2/09/2024,73,6,9,2,0,0,1,0,0,0,0,0,0
FS,21/06/2024,2/09/2024,73,6,9,2,0,0,1,0,0,0,0,0,0
FS,21/06/2024,2/09/2024,73,6,9,2,0,0,1,0,0,0,0,0,0
DS,4/07/2024,16/09/2024,74,7,9,2,0,0,1,0,0,0,0,0,0
CS,11/07/2024,23/09/2024,74,7,9,2,0,0,1,0,0,0,0,0,0
FS,8/09/2023,21/11/2023,74,9,11,2,0,0,1,0,0,0,0,0,0
FS,20/06/2024,2/09/2024,74,6,9,2,0,0,1,0,0,0,0,0,0
DS,20/07/2023,2/10/2023,74,7,10,2,0,0,1,0,0,0,0,0,0
DS,20/07/2023,2/10/2023,74,7,10,2,0,0,1,0,0,0,0,0,0
DS,20/07/2023,2/10/2023,74,7,10,2,0,0,1,0,0,0,0,0,0
FS,8/11/2023,22/01/2024,75,11,1,3,0,0,0,1,0,0,0,0,0
DS,15/11/2023,29/01/2024,75,11,1,3,0,0,0,1,0,0,0,0,0
FS,13/11/2024,27/01/2025,75,11,1,3,0,0,0,1,0,0,0,0,0
CS,30/10/2024,13/01/2025,75,10,1,3,0,0,0,1,0,0,0,0,0
FS,10/07/2024,23/09/2024,75,7,9,3,0,0,0,1,0,0,0,0,0
FS,9/08/2023,23/10/2023,75,8,10,3,0,0,0,1,0,0,0,0,0
FS,28/02/2024,13/05/2024,75,2,5,3,0,0,0,1,0,0,0,0,0
FS,29/02/2024,14/05/2024,75,2,5,3,0,0,0,1,0,0,0,0,0
DS,24/04/2024,8/07/2024,75,4,7,3,0,0,0,1,0,0,0,0,0
FS,31/07/2024,14/10/2024,75,7,10,3,0,0,0,1,0,0,0,0,0
FS,27/06/2023,11/09/2023,76,6,9,3,0,0,0,1,0,0,0,0,0
FS,27/06/2023,11/09/2023,76,6,9,3,0,0,0,1,0,0,0,0,0
DS,14/11/2023,29/01/2024,76,11,1,3,0,0,0,1,0,0,0,0,0
DS,12/11/2024,27/01/2025,76,11,1,3,0,0,0,1,0,0,0,0,0
FS,12/11/2024,27/01/2025,76,11,1,3,0,0,0,1,0,0,0,0,0
FS,13/12/2023,27/02/2024,76,12,2,3,0,0,0,1,0,0,0,0,0
CS,29/10/2024,13/01/2025,76,10,1,3,0,0,0,1,0,0,0,0,0
CS,29/10/2024,13/01/2025,76,10,1,3,0,0,0,1,0,0,0,0,0
FS,19/12/2023,4/03/2024,76,12,3,3,0,0,0,1,0,0,0,0,0
FS,12/03/2024,27/05/2024,76,3,5,3,0,0,0,1,0,0,0,0,0
DS,2/07/2024,16/09/2024,76,7,9,3,0,0,0,1,0,0,0,0,0
DS,2/07/2024,16/09/2024,76,7,9,3,0,0,0,1,0,0,0,0,0
FS,2/07/2024,16/09/2024,76,7,9,3,0,0,0,1,0,0,0,0,0
FS,27/02/2024,13/05/2024,76,2,5,3,0,0,0,1,0,0,0,0,0
FS,28/02/2024,14/05/2024,76,2,5,3,0,0,0,1,0,0,0,0,0
FS,30/04/2024,15/07/2024,76,4,7,3,0,0,0,1,0,0,0,0,0
FS,30/04/2024,15/07/2024,76,4,7,3,0,0,0,1,0,0,0,0,0
FS,23/07/2024,7/10/2024,76,7,10,3,0,0,0,1,0,0,0,0,0
FS,20/02/2023,8/05/2023,77,2,5,3,0,0,0,1,0,0,0,0,0
DS,13/11/2023,29/01/2024,77,11,1,3,0,0,0,1,0,0,0,0,0
FS,11/11/2024,27/01/2025,77,11,1,3,0,0,0,1,0,0,0,0,0
FS,11/11/2024,27/01/2025,77,11,1,3,0,0,0,1,0,0,0,0,0
FS,12/12/2023,27/02/2024,77,12,2,3,0,0,0,1,0,0,0,0,0
FS,18/12/2023,4/03/2024,77,12,3,3,0,0,0,1,0,0,0,0,0
FS,6/05/2024,22/07/2024,77,5,7,3,0,0,0,1,0,0,0,0,0
FS,1/07/2024,16/09/2024,77,7,9,3,0,0,0,1,0,0,0,0,0
CS,8/07/2024,23/09/2024,77,7,9,3,0,0,0,1,0,0,0,0,0
CS,8/07/2024,23/09/2024,77,7,9,3,0,0,0,1,0,0,0,0,0
FS,15/01/2024,1/04/2024,77,1,4,3,0,0,0,1,0,0,0,0,0
DS,17/07/2023,2/10/2023,77,7,10,3,0,0,0,1,0,0,0,0,0
DS,23/09/2024,9/12/2024,77,9,12,3,0,0,0,1,0,0,0,0,0
DS,23/09/2024,9/12/2024,77,9,12,3,0,0,0,1,0,0,0,0,0
FS,12/08/2024,29/10/2024,78,8,10,3,0,0,0,1,0,0,0,0,0
FS,3/02/2024,22/04/2024,79,2,4,3,0,0,0,1,0,0,0,0,0
DS,20/07/2024,7/10/2024,79,7,10,3,0,0,0,1,0,0,0,0,0
FS,17/02/2023,8/05/2023,80,2,5,3,0,0,0,1,0,0,0,0,0
DS,1/12/2023,19/02/2024,80,12,2,3,0,0,0,1,0,0,0,0,0
FS,2/02/2024,22/04/2024,80,2,4,3,0,0,0,1,0,0,0,0,0
FS,2/02/2024,22/04/2024,80,2,4,3,0,0,0,1,0,0,0,0,0
FS,28/06/2024,16/09/2024,80,6,9,3,0,0,0,1,0,0,0,0,0
DS,19/07/2024,7/10/2024,80,7,10,3,0,0,0,1,0,0,0,0,0
FS,2/11/2023,22/01/2024,81,11,1,3,0,0,0,1,0,0,0,0,0
DS,9/11/2023,29/01/2024,81,11,1,3,0,0,0,1,0,0,0,0,0
FS,7/11/2024,27/01/2025,81,11,1,3,0,0,0,1,0,0,0,0,0
FS,7/11/2024,27/01/2025,81,11,1,3,0,0,0,1,0,0,0,0,0
FS,1/02/2024,22/04/2024,81,2,4,3,0,0,0,1,0,0,0,0,0
FS,25/01/2024,15/04/2024,81,1,4,3,0,0,0,1,0,0,0,0,0
FS,22/08/2024,11/11/2024,81,8,11,3,0,0,0,1,0,0,0,0,0
FS,7/08/2024,28/10/2024,82,8,10,3,0,0,0,1,0,0,0,0,0
FS,31/01/2024,22/04/2024,82,1,4,3,0,0,0,1,0,0,0,0,0
FS,31/01/2024,22/04/2024,82,1,4,3,0,0,0,1,0,0,0,0,0
DS,26/06/2024,16/09/2024,82,6,9,3,0,0,0,1,0,0,0,0,0
FS,26/06/2024,16/09/2024,82,6,9,3,0,0,0,1,0,0,0,0,0
CS,31/07/2024,21/10/2024,82,7,10,3,0,0,0,1,0,0,0,0,0
FS,20/06/2023,11/09/2023,83,6,9,3,0,0,0,1,0,0,0,0,0
FS,12/12/2023,4/03/2024,83,12,3,3,0,0,0,1,0,0,0,0,0
FS,18/06/2024,9/09/2024,83,6,9,3,0,0,0,1,0,0,0,0,0
DS,25/06/2024,16/09/2024,83,6,9,3,0,0,0,1,0,0,0,0,0
FS,25/06/2024,16/09/2024,83,6,9,3,0,0,0,1,0,0,0,0,0
DS,16/07/2024,7/10/2024,83,7,10,3,0,0,0,1,0,0,0,0,0
CS,30/07/2024,21/10/2024,83,7,10,3,0,0,0,1,0,0,0,0,0
DS,6/11/2023,29/01/2024,84,11,1,3,0,0,0,1,0,0,0,0,0
FS,5/08/2024,28/10/2024,84,8,10,3,0,0,0,1,0,0,0,0,0
FS,22/04/2024,15/07/2024,84,4,7,3,0,0,0,1,0,0,0,0,0
DS,24/06/2024,16/09/2024,84,6,9,3,0,0,0,1,0,0,0,0,0
CS,29/07/2024,21/10/2024,84,7,10,3,0,0,0,1,0,0,0,0,0
FS,18/09/2023,11/12/2023,84,9,12,3,0,0,0,1,0,0,0,0,0
FS,27/01/2024,22/04/2024,86,1,4,3,0,0,0,1,0,0,0,0,0
FS,20/10/2023,15/01/2024,87,10,1,3,0,0,0,1,0,0,0,0,0
FS,21/06/2024,16/09/2024,87,6,9,3,0,0,0,1,0,0,0,0,0
DS,7/07/2023,2/10/2023,87,7,10,3,0,0,0,1,0,0,0,0,0
FS,28/07/2023,23/10/2023,87,7,10,3,0,0,0,1,0,0,0,0,0
FS,19/07/2024,14/10/2024,87,7,10,3,0,0,0,1,0,0,0,0,0
FS,19/07/2024,14/10/2024,87,7,10,3,0,0,0,1,0,0,0,0,0
FS,19/07/2024,14/10/2024,87,7,10,3,0,0,0,1,0,0,0,0,0
DS,25/08/2023,20/11/2023,87,8,11,3,0,0,0,1,0,0,0,0,0
FS,26/01/2023,24/04/2023,88,1,4,3,0,0,0,1,0,0,0,0,0
FS,31/10/2024,27/01/2025,88,10,1,3,0,0,0,1,0,0,0,0,0
FS,31/10/2024,27/01/2025,88,10,1,3,0,0,0,1,0,0,0,0,0
FS,1/08/2024,28/10/2024,88,8,10,3,0,0,0,1,0,0,0,0,0
FS,18/01/2024,15/04/2024,88,1,4,3,0,0,0,1,0,0,0,0,0
FS,8/02/2024,6/05/2024,88,2,5,3,0,0,0,1,0,0,0,0,0
FS,11/10/2024,8/01/2025,89,10,1,3,0,0,0,1,0,0,0,0,0
FS,3/07/2024,30/09/2024,89,7,9,3,0,0,0,1,0,0,0,0,0
FS,19/06/2024,16/09/2024,89,6,9,3,0,0,0,1,0,0,0,0,0
DS,5/07/2023,2/10/2023,89,7,10,3,0,0,0,1,0,0,0,0,0
FS,17/07/2024,14/10/2024,89,7,10,3,0,0,0,1,0,0,0,0,0
CS,24/07/2024,21/10/2024,89,7,10,3,0,0,0,1,0,0,0,0,0
FS,31/07/2024,28/10/2024,89,7,10,3,0,0,0,1,0,0,0,0,0
FS,31/07/2024,28/10/2024,89,7,10,3,0,0,0,1,0,0,0,0,0
FS,23/01/2024,22/04/2024,90,1,4,3,0,0,0,1,0,0,0,0,0
DS,4/07/2023,2/10/2023,90,7,10,3,0,0,0,1,0,0,0,0,0
FS,28/10/2024,27/01/2025,91,10,1,3,0,0,0,1,0,0,0,0,0
FS,6/11/2023,5/02/2024,91,11,2,3,0,0,0,1,0,0,0,0,0
FS,29/07/2024,28/10/2024,91,7,10,3,0,0,0,1,0,0,0,0,0
FS,29/07/2024,28/10/2024,91,7,10,3,0,0,0,1,0,0,0,0,0
FS,2/12/2023,4/03/2024,93,12,3,3,0,0,0,1,0,0,0,0,0
FS,13/07/2024,14/10/2024,93,7,10,3,0,0,0,1,0,0,0,0,0
FS,13/10/2023,15/01/2024,94,10,1,3,0,0,0,1,0,0,0,0,0
FS,20/10/2023,22/01/2024,94,10,1,3,0,0,0,1,0,0,0,0,0
DS,27/10/2023,29/01/2024,94,10,1,3,0,0,0,1,0,0,0,0,0
DS,25/10/2024,27/01/2025,94,10,1,3,0,0,0,1,0,0,0,0,0
FS,14/06/2024,16/09/2024,94,6,9,3,0,0,0,1,0,0,0,0,0
CS,21/06/2024,23/09/2024,94,6,9,3,0,0,0,1,0,0,0,0,0
CS,19/07/2024,21/10/2024,94,7,10,3,0,0,0,1,0,0,0,0,0
FS,24/10/2024,27/01/2025,95,10,1,3,0,0,0,1,0,0,0,0,0
FS,30/11/2023,4/03/2024,95,11,3,3,0,0,0,1,0,0,0,0,0
FS,18/01/2024,22/04/2024,95,1,4,3,0,0,0,1,0,0,0,0,0
DS,13/06/2024,16/09/2024,95,6,9,3,0,0,0,1,0,0,0,0,0
CS,20/06/2024,23/09/2024,95,6,9,3,0,0,0,1,0,0,0,0,0
FS,5/01/2023,11/04/2023,96,1,4,3,0,0,0,1,0,0,0,0,0
DS,14/06/2023,18/09/2023,96,6,9,3,0,0,0,1,0,0,0,0,0
FS,10/01/2024,15/04/2024,96,1,4,3,0,0,0,1,0,0,0,0,0
DS,12/06/2024,16/09/2024,96,6,9,3,0,0,0,1,0,0,0,0,0
DS,12/06/2024,16/09/2024,96,6,9,3,0,0,0,1,0,0,0,0,0
DS,13/06/2023,18/09/2023,97,6,9,3,0,0,0,1,0,0,0,0,0
DS,13/06/2023,18/09/2023,97,6,9,3,0,0,0,1,0,0,0,0,0
DS,13/06/2023,18/09/2023,97,6,9,3,0,0,0,1,0,0,0,0,0
DS,13/06/2023,18/09/2023,97,6,9,3,0,0,0,1,0,0,0,0,0
FS,22/10/2024,27/01/2025,97,10,1,3,0,0,0,1,0,0,0,0,0
FS,22/10/2024,27/01/2025,97,10,1,3,0,0,0,1,0,0,0,0,0
FS,28/11/2023,4/03/2024,97,11,3,3,0,0,0,1,0,0,0,0,0
FS,16/01/2024,22/04/2024,97,1,4,3,0,0,0,1,0,0,0,0,0
CS,18/06/2024,23/09/2024,97,6,9,3,0,0,0,1,0,0,0,0,0
FS,18/07/2023,23/10/2023,97,7,10,3,0,0,0,1,0,0,0,0,0
FS,21/10/2024,27/01/2025,98,10,1,3,0,0,0,1,0,0,0,0,0
FS,15/01/2024,22/04/2024,98,1,4,3,0,0,0,1,0,0,0,0,0
FS,15/01/2024,22/04/2024,98,1,4,3,0,0,0,1,0,0,0,0,0
FS,17/06/2024,23/09/2024,98,6,9,3,0,0,0,1,0,0,0,0,0
FS,8/07/2024,14/10/2024,98,7,10,3,0,0,0,1,0,0,0,0,0
CS,16/06/2024,23/09/2024,99,6,9,3,0,0,0,1,0,0,0,0,0
FS,14/07/2023,23/10/2023,101,7,10,3,0,0,0,1,0,0,0,0,0
CS,12/07/2024,21/10/2024,101,7,10,3,0,0,0,1,0,0,0,0,0
FS,23/08/2024,2/12/2024,101,8,12,3,0,0,0,1,0,0,0,0,0
FS,13/07/2023,23/10/2023,102,7,10,3,0,0,0,1,0,0,0,0,0
FS,31/08/2023,11/12/2023,102,8,12,3,0,0,0,1,0,0,0,0,0
FS,31/05/2023,11/09/2023,103,5,9,3,0,0,0,1,0,0,0,0,0
FS,22/11/2023,4/03/2024,103,11,3,3,0,0,0,1,0,0,0,0,0
DS,14/02/2024,27/05/2024,103,2,5,3,0,0,0,1,0,0,0,0,0
FS,5/06/2024,16/09/2024,103,6,9,3,0,0,0,1,0,0,0,0,0
FS,17/07/2024,28/10/2024,103,7,10,3,0,0,0,1,0,0,0,0,0
FS,26/07/2023,6/11/2023,103,7,11,3,0,0,0,1,0,0,0,0,0
DS,20/06/2023,2/10/2023,104,6,10,3,0,0,0,1,0,0,0,0,0
DS,25/06/2024,7/10/2024,104,6,10,3,0,0,0,1,0,0,0,0,0
FS,14/10/2024,27/01/2025,105,10,1,4,0,0,0,0,1,0,0,0,0
FS,20/11/2023,4/03/2024,105,11,3,4,0,0,0,0,1,0,0,0,0
CS,10/06/2024,23/09/2024,105,6,9,4,0,0,0,0,1,0,0,0,0
FS,1/07/2024,14/10/2024,105,7,10,4,0,0,0,0,1,0,0,0,0
FS,1/07/2024,14/10/2024,105,7,10,4,0,0,0,0,1,0,0,0,0
FS,20/01/2023,8/05/2023,108,1,5,4,0,0,0,0,1,0,0,0,0
FS,26/05/2023,11/09/2023,108,5,9,4,0,0,0,0,1,0,0,0,0
FS,5/10/2023,22/01/2024,109,10,1,4,0,0,0,0,1,0,0,0,0
FS,5/10/2023,22/01/2024,109,10,1,4,0,0,0,0,1,0,0,0,0
DS,31/05/2023,18/09/2023,110,5,9,4,0,0,0,0,1,0,0,0,0
FS,4/10/2023,22/01/2024,110,10,1,4,0,0,0,0,1,0,0,0,0
FS,27/09/2023,15/01/2024,110,9,1,4,0,0,0,0,1,0,0,0,0
DS,2/08/2023,20/11/2023,110,8,11,4,0,0,0,0,1,0,0,0,0
FS,29/05/2024,16/09/2024,110,5,9,4,0,0,0,0,1,0,0,0,0
FS,26/06/2024,14/10/2024,110,6,10,4,0,0,0,0,1,0,0,0,0
FS,9/07/2024,28/10/2024,111,7,10,4,0,0,0,0,1,0,0,0,0
FS,28/05/2024,16/09/2024,111,5,9,4,0,0,0,0,1,0,0,0,0
DS,20/08/2024,9/12/2024,111,8,12,4,0,0,0,0,1,0,0,0,0
FS,2/10/2023,22/01/2024,112,10,1,4,0,0,0,0,1,0,0,0,0
DS,11/12/2023,1/04/2024,112,12,4,4,0,0,0,0,1,0,0,0,0
CS,3/06/2024,23/09/2024,112,6,9,4,0,0,0,0,1,0,0,0,0
FS,27/05/2024,16/09/2024,112,5,9,4,0,0,0,0,1,0,0,0,0
FS,30/09/2023,22/01/2024,114,9,1,4,0,0,0,0,1,0,0,0,0
FS,25/05/2024,16/09/2024,114,5,9,4,0,0,0,0,1,0,0,0,0
DS,26/05/2023,18/09/2023,115,5,9,4,0,0,0,0,1,0,0,0,0
FS,30/06/2023,23/10/2023,115,6,10,4,0,0,0,0,1,0,0,0,0
FS,18/08/2023,11/12/2023,115,8,12,4,0,0,0,0,1,0,0,0,0
FS,23/05/2024,16/09/2024,116,5,9,4,0,0,0,0,1,0,0,0,0
FS,23/05/2024,16/09/2024,116,5,9,4,0,0,0,0,1,0,0,0,0
FS,22/05/2024,16/09/2024,117,5,9,4,0,0,0,0,1,0,0,0,0
CS,26/06/2024,21/10/2024,117,6,10,4,0,0,0,0,1,0,0,0,0
FS,21/03/2023,18/07/2023,119,3,7,4,0,0,0,0,1,0,0,0,0
FS,18/09/2023,15/01/2024,119,9,1,4,0,0,0,0,1,0,0,0,0
FS,30/09/2024,27/01/2025,119,9,1,4,0,0,0,0,1,0,0,0,0
FS,18/12/2023,15/04/2024,119,12,4,4,0,0,0,0,1,0,0,0,0
FS,20/05/2024,16/09/2024,119,5,9,4,0,0,0,0,1,0,0,0,0
CS,24/06/2024,21/10/2024,119,6,10,4,0,0,0,0,1,0,0,0,0
DS,18/05/2024,16/09/2024,121,5,9,4,0,0,0,0,1,0,0,0,0
DS,19/05/2023,18/09/2023,122,5,9,4,0,0,0,0,1,0,0,0,0
DS,19/05/2023,18/09/2023,122,5,9,4,0,0,0,0,1,0,0,0,0
FS,2/02/2024,3/06/2024,122,2,6,4,0,0,0,0,1,0,0,0,0
FS,17/05/2024,16/09/2024,122,5,9,4,0,0,0,0,1,0,0,0,0
FS,20/09/2023,22/01/2024,124,9,1,4,0,0,0,0,1,0,0,0,0
DS,27/09/2023,29/01/2024,124,9,1,4,0,0,0,0,1,0,0,0,0
FS,25/09/2024,27/01/2025,124,9,1,4,0,0,0,0,1,0,0,0,0
FS,31/07/2024,2/12/2024,124,7,12,4,0,0,0,0,1,0,0,0,0
FS,21/05/2024,23/09/2024,125,5,9,4,0,0,0,0,1,0,0,0,0
FS,11/09/2023,15/01/2024,126,9,1,4,0,0,0,0,1,0,0,0,0
FS,30/10/2023,4/03/2024,126,10,3,4,0,0,0,0,1,0,0,0,0
DS,27/11/2023,1/04/2024,126,11,4,4,0,0,0,0,1,0,0,0,0
FS,12/02/2024,17/06/2024,126,2,6,4,0,0,0,0,1,0,0,0,0
CS,20/05/2024,23/09/2024,126,5,9,4,0,0,0,0,1,0,0,0,0
DS,20/01/2023,29/05/2023,129,1,5,4,0,0,0,0,1,0,0,0,0
DS,24/11/2023,1/04/2024,129,11,4,4,0,0,0,0,1,0,0,0,0
FS,4/05/2023,11/09/2023,130,5,9,4,0,0,0,0,1,0,0,0,0
FS,20/10/2023,27/02/2024,130,10,2,4,0,0,0,0,1,0,0,0,0
FS,8/05/2024,16/09/2024,131,5,9,4,0,0,0,0,1,0,0,0,0
FS,22/05/2024,30/09/2024,131,5,9,4,0,0,0,0,1,0,0,0,0
FS,12/09/2023,22/01/2024,132,9,1,4,0,0,0,0,1,0,0,0,0
FS,24/10/2023,4/03/2024,132,10,3,4,0,0,0,0,1,0,0,0,0
FS,18/06/2024,28/10/2024,132,6,10,4,0,0,0,0,1,0,0,0,0
DS,9/07/2024,18/11/2024,132,7,11,4,0,0,0,0,1,0,0,0,0
FS,6/05/2024,16/09/2024,133,5,9,4,0,0,0,0,1,0,0,0,0
CS,13/05/2024,23/09/2024,133,5,9,4,0,0,0,0,1,0,0,0,0
FS,3/05/2024,16/09/2024,136,5,9,5,0,0,0,0,0,1,0,0,0
FS,19/10/2023,4/03/2024,137,10,3,5,0,0,0,0,0,1,0,0,0
FS,15/11/2023,1/04/2024,138,11,4,5,0,0,0,0,0,1,0,0,0
DS,9/09/2024,27/01/2025,140,9,1,5,0,0,0,0,0,1,0,0,0
FS,29/04/2024,16/09/2024,140,4,9,5,0,0,0,0,0,1,0,0,0
DS,6/09/2024,27/01/2025,143,9,1,5,0,0,0,0,0,1,0,0,0
DS,3/09/2024,27/01/2025,146,9,1,5,0,0,0,0,0,1,0,0,0
FS,3/10/2023,27/02/2024,147,10,2,5,0,0,0,0,0,1,0,0,0
FS,31/05/2024,28/10/2024,150,5,10,5,0,0,0,0,0,1,0,0,0
DS,20/04/2023,18/09/2023,151,4,9,5,0,0,0,0,0,1,0,0,0
FS,22/11/2023,22/04/2024,152,11,4,5,0,0,0,0,0,1,0,0,0
DS,29/10/2023,1/04/2024,155,10,4,5,0,0,0,0,0,1,0,0,0
FS,18/08/2023,22/01/2024,157,8,1,5,0,0,0,0,0,1,0,0,0
DS,27/10/2023,1/04/2024,157,10,4,5,0,0,0,0,0,1,0,0,0
FS,12/04/2024,16/09/2024,157,4,9,5,0,0,0,0,0,1,0,0,0
FS,28/06/2024,2/12/2024,157,6,12,5,0,0,0,0,0,1,0,0,0
FS,7/12/2023,13/05/2024,158,12,5,5,0,0,0,0,0,1,0,0,0
FS,24/05/2024,29/10/2024,158,5,10,5,0,0,0,0,0,1,0,0,0
FS,20/06/2024,25/11/2024,158,6,11,5,0,0,0,0,0,1,0,0,0
FS,31/05/2023,6/11/2023,159,5,11,5,0,0,0,0,0,1,0,0,0
FS,22/05/2024,28/10/2024,159,5,10,5,0,0,0,0,0,1,0,0,0
FS,31/03/2023,11/09/2023,164,3,9,5,0,0,0,0,0,1,0,0,0
CS,1/08/2024,13/01/2025,165,8,1,6,0,0,0,0,0,0,1,0,0
FS,30/05/2024,11/11/2024,165,5,11,6,0,0,0,0,0,0,1,0,0
FS,11/04/2023,25/09/2023,167,4,9,6,0,0,0,0,0,0,1,0,0
DS,31/03/2023,18/09/2023,171,3,9,6,0,0,0,0,0,0,1,0,0
FS,22/05/2024,11/11/2024,173,5,11,6,0,0,0,0,0,0,1,0,0
FS,18/04/2024,14/10/2024,179,4,10,6,0,0,0,0,0,0,1,0,0
FS,26/07/2023,22/01/2024,180,7,1,6,0,0,0,0,0,0,1,0,0
DS,31/07/2024,27/01/2025,180,7,1,6,0,0,0,0,0,0,1,0,0
DS,4/10/2023,1/04/2024,180,10,4,6,0,0,0,0,0,0,1,0,0
FS,20/03/2024,16/09/2024,180,3,9,6,0,0,0,0,0,0,1,0,0
FS,7/11/2023,6/05/2024,181,11,5,6,0,0,0,0,0,0,1,0,0
FS,30/04/2024,28/10/2024,181,4,10,6,0,0,0,0,0,0,1,0,0
FS,30/04/2024,28/10/2024,181,4,10,6,0,0,0,0,0,0,1,0,0
FS,26/04/2024,28/10/2024,185,4,10,6,0,0,0,0,0,0,1,0,0
FS,30/11/2023,3/06/2024,186,11,6,6,0,0,0,0,0,0,1,0,0
FS,29/02/2024,2/09/2024,186,2,9,6,0,0,0,0,0,0,1,0,0
DS,30/12/2023,8/07/2024,191,12,7,6,0,0,0,0,0,0,1,0,0
FS,15/03/2023,25/09/2023,194,3,9,6,0,0,0,0,0,0,1,0,0
FS,12/07/2023,22/01/2024,194,7,1,6,0,0,0,0,0,0,1,0,0
FS,22/08/2023,4/03/2024,195,8,3,7,0,0,0,0,0,0,0,1,0
FS,1/04/2024,14/10/2024,196,4,10,7,0,0,0,0,0,0,0,1,0
FS,23/02/2023,11/09/2023,200,2,9,7,0,0,0,0,0,0,0,1,0
FS,22/02/2023,11/09/2023,201,2,9,7,0,0,0,0,0,0,0,1,0
CS,28/02/2024,23/09/2024,208,2,9,7,0,0,0,0,0,0,0,1,0
FS,6/11/2023,3/06/2024,210,11,6,7,0,0,0,0,0,0,0,1,0
FS,1/04/2024,28/10/2024,210,4,10,7,0,0,0,0,0,0,0,1,0
FS,19/02/2024,16/09/2024,210,2,9,7,0,0,0,0,0,0,0,1,0
FS,27/06/2024,27/01/2025,214,6,1,7,0,0,0,0,0,0,0,1,0
DS,26/10/2023,27/05/2024,214,10,5,7,0,0,0,0,0,0,0,1,0
FS,8/07/2024,10/02/2025,217,7,2,7,0,0,0,0,0,0,0,1,0
FS,31/03/2023,6/11/2023,220,3,11,7,0,0,0,0,0,0,0,1,0
DS,11/04/2023,20/11/2023,223,4,11,7,0,0,0,0,0,0,0,1,0
FS,6/02/2024,16/09/2024,223,2,9,7,0,0,0,0,0,0,0,1,0
FS,30/09/2023,14/05/2024,227,9,5,8,0,0,0,0,0,0,0,0,1
FS,14/03/2024,28/10/2024,228,3,10,8,0,0,0,0,0,0,0,0,1
FS,23/09/2023,13/05/2024,233,9,5,8,0,0,0,0,0,0,0,0,1
FS,22/02/2024,14/10/2024,235,2,10,8,0,0,0,0,0,0,0,0,1
DS,3/11/2023,8/07/2024,248,11,7,8,0,0,0,0,0,0,0,0,1
FS,21/05/2024,27/01/2025,251,5,1,8,0,0,0,0,0,0,0,0,1
FS,16/02/2024,28/10/2024,255,2,10,9,0,0,0,0,0,0,0,0,0
DS,24/10/2023,8/07/2024,258,10,7,9,0,0,0,0,0,0,0,0,0
DS,23/08/2023,27/05/2024,278,8,5,9,0,0,0,0,0,0,0,0,0
FS,15/02/2024,25/11/2024,284,2,11,9,0,0,0,0,0,0,0,0,0
FS,4/09/2023,17/06/2024,287,9,6,10,0,0,0,0,0,0,0,0,0
FS,12/01/2024,28/10/2024,290,1,10,10,0,0,0,0,0,0,0,0,0
FS,21/12/2023,29/10/2024,313,12,10,10,0,0,0,0,0,0,0,0,0
DS,31/03/2023,19/02/2024,325,3,2,11,0,0,0,0,0,0,0,0,0
FS,26/05/2023,14/05/2024,354,5,5,12,0,0,0,0,0,0,0,0,0
DS,29/09/2023,7/10/2024,374,9,10,12,0,0,0,0,0,0,0,0,0
FS,27/01/2023,2/12/2024,675,1,12,22,0,0,0,0,0,0,0,0,0