Program,buy_date,cohort_start_date,cohort_name,days_to_start,month_sale,month_start
FS,3/01/2023,24/01/2023,spain-fs-pt-37,21,1,1
FS,2/01/2023,24/01/2023,spain-fs-pt-37,22,1,1
FS,26/01/2023,13/02/2023,spain-fs-pt-38,18,1,2
FS,26/01/2023,13/02/2023,spain-fs-pt-38,18,1,2
FS,24/01/2023,13/02/2023,spain-fs-pt-38,20,1,2
FS,20/01/2023,13/02/2023,spain-fs-pt-38,24,1,2
FS,12/01/2023,13/02/2023,spain-fs-pt-38,32,1,2
FS,9/01/2023,13/02/2023,spain-fs-pt-38,35,1,2
FS,3/01/2023,13/02/2023,spain-fs-pt-38,41,1,2
FS,23/02/2023,6/03/2023,spain-fs-pt-39,11,2,3
FS,13/02/2023,6/03/2023,spain-fs-pt-39,21,2,3
FS,6/02/2023,6/03/2023,spain-fs-pt-39,28,2,3
FS,31/01/2023,6/03/2023,spain-fs-pt-39,34,1,3
FS,30/01/2023,6/03/2023,spain-fs-pt-39,35,1,3
FS,30/01/2023,6/03/2023,spain-fs-pt-39,35,1,3
FS,30/01/2023,6/03/2023,spain-fs-pt-39,35,1,3
FS,27/01/2023,6/03/2023,spain-fs-pt-39,38,1,3
FS,26/01/2023,6/03/2023,spain-fs-pt-39,39,1,3
FS,4/01/2023,6/03/2023,spain-fs-pt-39,61,1,3
FS,9/03/2023,27/03/2023,spain-fs-pt-40,18,3,3
FS,7/03/2023,27/03/2023,spain-fs-pt-40,20,3,3
FS,28/02/2023,27/03/2023,spain-fs-pt-40,27,2,3
FS,27/02/2023,27/03/2023,spain-fs-pt-40,28,2,3
FS,24/02/2023,27/03/2023,spain-fs-pt-40,31,2,3
FS,20/02/2023,27/03/2023,spain-fs-pt-40,35,2,3
FS,16/02/2023,27/03/2023,spain-fs-pt-40,39,2,3
FS,16/02/2023,27/03/2023,spain-fs-pt-40,39,2,3
FS,27/01/2023,27/03/2023,spain-fs-pt-40,59,1,3
FS,16/01/2023,27/03/2023,spain-fs-pt-40,70,1,3
FS,11/04/2023,11/04/2023,spain-fs-pt-41,0,4,4
FS,11/04/2023,11/04/2023,spain-fs-pt-41,0,4,4
FS,31/03/2023,11/04/2023,spain-fs-pt-41,11,3,4
FS,28/03/2023,11/04/2023,spain-fs-pt-41,14,3,4
FS,3/03/2023,11/04/2023,spain-fs-pt-41,39,3,4
FS,28/02/2023,11/04/2023,spain-fs-pt-41,42,2,4
FS,28/02/2023,11/04/2023,spain-fs-pt-41,42,2,4
FS,5/01/2023,11/04/2023,spain-fs-pt-41,96,1,4
FS,11/04/2023,24/04/2023,spain-fs-pt-42,13,4,4
,,,,,,
FS,11/04/2023,24/04/2023,spain-fs-pt-42,13,4,4
FS,28/03/2023,24/04/2023,spain-fs-pt-42,27,3,4
FS,23/03/2023,24/04/2023,spain-fs-pt-42,32,3,4
FS,21/03/2023,24/04/2023,spain-fs-pt-42,34,3,4
FS,21/03/2023,24/04/2023,spain-fs-pt-42,34,3,4
FS,14/03/2023,24/04/2023,spain-fs-pt-42,41,3,4
FS,26/01/2023,24/04/2023,spain-fs-pt-42,88,1,4
,,,,,,
FS,22/03/2023,8/05/2023,spain-fs-pt-43,47,3,5
FS,3/03/2023,8/05/2023,spain-fs-pt-43,66,3,5
FS,28/02/2023,8/05/2023,spain-fs-pt-43,69,2,5
FS,27/02/2023,8/05/2023,spain-fs-pt-43,70,2,5
FS,24/02/2023,8/05/2023,spain-fs-pt-43,73,2,5
FS,20/02/2023,8/05/2023,spain-fs-pt-43,77,2,5
FS,17/02/2023,8/05/2023,spain-fs-pt-43,80,2,5
FS,20/01/2023,8/05/2023,spain-fs-pt-43,108,1,5
FS,8/05/2023,22/05/2023,spain-fs-pt-44,14,5,5
FS,8/05/2023,22/05/2023,spain-fs-pt-44,14,5,5
FS,5/05/2023,22/05/2023,spain-fs-pt-44,17,5,5
FS,4/05/2023,22/05/2023,spain-fs-pt-44,18,5,5
FS,4/05/2023,22/05/2023,spain-fs-pt-44,18,5,5
FS,29/04/2023,22/05/2023,spain-fs-pt-44,23,4,5
FS,21/04/2023,22/05/2023,spain-fs-pt-44,31,4,5
FS,21/04/2023,22/05/2023,spain-fs-pt-44,31,4,5
FS,20/04/2023,22/05/2023,spain-fs-pt-44,32,4,5
FS,17/04/2023,22/05/2023,spain-fs-pt-44,35,4,5
FS,13/04/2023,22/05/2023,spain-fs-pt-44,39,4,5
FS,24/03/2023,22/05/2023,spain-fs-pt-44,59,3,5
DS,26/04/2023,29/05/2023,spain-ds-pt-1,33,4,5
DS,31/03/2023,29/05/2023,spain-ds-pt-1,59,3,5
DS,31/03/2023,29/05/2023,spain-ds-pt-1,59,3,5
DS,22/03/2023,29/05/2023,spain-ds-pt-1,68,3,5
DS,21/03/2023,29/05/2023,spain-ds-pt-1,69,3,5
DS,20/01/2023,29/05/2023,spain-ds-pt-1,129,1,5
FS,14/06/2023,26/06/2023,spain-fs-pt-45,12,6,6
FS,29/05/2023,26/06/2023,spain-fs-pt-45,28,5,6
FS,25/05/2023,26/06/2023,spain-fs-pt-45,32,5,6
,,,,,,
FS,19/05/2023,26/06/2023,spain-fs-pt-45,38,5,6
FS,19/05/2023,26/06/2023,spain-fs-pt-45,38,5,6
FS,13/05/2023,26/06/2023,spain-fs-pt-45,44,5,6
,,,,,,
FS,12/05/2023,26/06/2023,spain-fs-pt-45,45,5,6
,,,,,,
FS,12/05/2023,26/06/2023,spain-fs-pt-45,45,5,6
FS,30/06/2023,18/07/2023,spain-fs-pt-46,18,6,7
,,,,,,
FS,30/06/2023,18/07/2023,spain-fs-pt-46,18,6,7
FS,26/05/2023,18/07/2023,spain-fs-pt-46,53,5,7
FS,10/05/2023,18/07/2023,spain-fs-pt-46,69,5,7
FS,21/03/2023,18/07/2023,spain-fs-pt-46,119,3,7
FS,13/07/2023,24/07/2023,spain-fs-pt-47,11,7,7
FS,11/07/2023,24/07/2023,spain-fs-pt-47,13,7,7
FS,6/07/2023,24/07/2023,spain-fs-pt-47,18,7,7
FS,4/07/2023,24/07/2023,spain-fs-pt-47,20,7,7
FS,30/06/2023,24/07/2023,spain-fs-pt-47,24,6,7
FS,30/06/2023,24/07/2023,spain-fs-pt-47,24,6,7
FS,27/06/2023,24/07/2023,spain-fs-pt-47,27,6,7
FS,31/05/2023,24/07/2023,spain-fs-pt-47,54,5,7
FS,29/05/2023,24/07/2023,spain-fs-pt-47,56,5,7
FS,29/08/2023,11/09/2023,spain-fs-pt-49,13,8,9
FS,24/08/2023,11/09/2023,spain-fs-pt-49,18,8,9
FS,23/08/2023,11/09/2023,spain-fs-pt-49,19,8,9
FS,22/08/2023,11/09/2023,spain-fs-pt-49,20,8,9
FS,8/08/2023,11/09/2023,spain-fs-pt-48,34,8,9
,,,,,,
FS,4/08/2023,11/09/2023,spain-fs-pt-48,38,8,9
FS,31/07/2023,11/09/2023,spain-fs-pt-48,42,7,9
FS,21/07/2023,11/09/2023,spain-fs-pt-48,52,7,9
,,,,,,
FS,19/07/2023,11/09/2023,spain-fs-pt-48,54,7,9
FS,14/07/2023,11/09/2023,spain-fs-pt-48,59,7,9
FS,10/07/2023,11/09/2023,spain-fs-pt-49,63,7,9
FS,10/07/2023,11/09/2023,spain-fs-pt-49,63,7,9
FS,10/07/2023,11/09/2023,spain-fs-pt-49,63,7,9
FS,27/06/2023,11/09/2023,spain-fs-pt-49,76,6,9
,,,,,,
FS,27/06/2023,11/09/2023,spain-fs-pt-48,76,6,9
FS,20/06/2023,11/09/2023,spain-fs-pt-49,83,6,9
FS,31/05/2023,11/09/2023,spain-fs-pt-48,103,5,9
FS,26/05/2023,11/09/2023,spain-fs-pt-48,108,5,9
FS,4/05/2023,11/09/2023,spain-fs-pt-49,130,5,9
FS,31/03/2023,11/09/2023,spain-fs-pt-48,164,3,9
FS,23/02/2023,11/09/2023,spain-fs-pt-49,200,2,9
,,,,,,
FS,22/02/2023,11/09/2023,spain-fs-pt-49,201,2,9
DS,4/09/2023,18/09/2023,spain-ds-pt-2,14,9,9
DS,14/06/2023,18/09/2023,spain-ds-pt-2,96,6,9
DS,13/06/2023,18/09/2023,spain-ds-pt-2,97,6,9
DS,13/06/2023,18/09/2023,spain-ds-pt-2,97,6,9
DS,13/06/2023,18/09/2023,spain-ds-pt-2,97,6,9
DS,13/06/2023,18/09/2023,spain-ds-pt-2,97,6,9
DS,31/05/2023,18/09/2023,spain-ds-pt-2,110,5,9
,,,,,,
,,,,,,
,,,,,,
,,,,,,
,,,,,,
DS,26/05/2023,18/09/2023,spain-ds-pt-2,115,5,9
DS,19/05/2023,18/09/2023,spain-ds-pt-2,122,5,9
DS,19/05/2023,18/09/2023,spain-ds-pt-2,122,5,9
DS,20/04/2023,18/09/2023,spain-ds-pt-2,151,4,9
DS,31/03/2023,18/09/2023,spain-ds-pt-2,171,3,9
FS,22/08/2023,25/09/2023,spain-fs-pt-50,34,8,9
FS,15/08/2023,25/09/2023,spain-fs-pt-50,41,8,9
FS,10/08/2023,25/09/2023,spain-fs-pt-50,46,8,9
FS,9/08/2023,25/09/2023,spain-fs-pt-50,47,8,9
FS,3/08/2023,25/09/2023,spain-fs-pt-50,53,8,9
FS,31/07/2023,25/09/2023,spain-fs-pt-50,56,7,9
FS,28/07/2023,25/09/2023,spain-fs-pt-50,59,7,9
FS,25/07/2023,25/09/2023,spain-fs-pt-50,62,7,9
FS,24/07/2023,25/09/2023,spain-fs-pt-50,63,7,9
FS,24/07/2023,25/09/2023,spain-fs-pt-50,63,7,9
,,,,,,
FS,11/04/2023,25/09/2023,spain-fs-pt-50,167,4,9
FS,15/03/2023,25/09/2023,spain-fs-pt-50,194,3,9
DS,30/08/2023,2/10/2023,spain-ds-pt-3,33,8,10
DS,17/08/2023,2/10/2023,spain-ds-pt-3,46,8,10
DS,31/07/2023,2/10/2023,spain-ds-pt-3,63,7,10
DS,20/07/2023,2/10/2023,spain-ds-pt-3,74,7,10
DS,20/07/2023,2/10/2023,spain-ds-pt-3,74,7,10
DS,20/07/2023,2/10/2023,spain-ds-pt-3,74,7,10
DS,17/07/2023,2/10/2023,spain-ds-pt-3,77,7,10
DS,7/07/2023,2/10/2023,spain-ds-pt-3,87,7,10
DS,5/07/2023,2/10/2023,spain-ds-pt-3,89,7,10
DS,4/07/2023,2/10/2023,spain-ds-pt-3,90,7,10
DS,20/06/2023,2/10/2023,spain-ds-pt-3,104,6,10
FS,25/09/2023,16/10/2023,spain-fs-pt-51,21,9,10
,,,,,,
FS,22/09/2023,16/10/2023,spain-fs-pt-51,24,9,10
FS,14/09/2023,16/10/2023,spain-fs-pt-51,32,9,10
FS,13/09/2023,16/10/2023,spain-fs-pt-51,33,9,10
FS,11/09/2023,16/10/2023,spain-fs-pt-51,35,9,10
,,,,,,
FS,4/09/2023,16/10/2023,spain-fs-pt-51,42,9,10
FS,1/09/2023,16/10/2023,spain-fs-pt-51,45,9,10
FS,31/08/2023,16/10/2023,spain-fs-pt-51,46,8,10
FS,30/08/2023,16/10/2023,spain-fs-pt-51,47,8,10
FS,28/08/2023,16/10/2023,spain-fs-pt-51,49,8,10
FS,24/08/2023,16/10/2023,spain-fs-pt-51,53,8,10
FS,24/08/2023,16/10/2023,spain-fs-pt-51,53,8,10
FS,21/08/2023,16/10/2023,spain-fs-pt-51,56,8,10
FS,9/10/2023,23/10/2023,spain-fs-pt-52,14,10,10
FS,2/10/2023,23/10/2023,spain-fs-pt-52,21,10,10
FS,10/09/2023,23/10/2023,spain-fs-pt-52,43,9,10
FS,7/09/2023,23/10/2023,spain-fs-pt-52,46,9,10
FS,31/08/2023,23/10/2023,spain-fs-pt-52,53,8,10
FS,9/08/2023,23/10/2023,spain-fs-pt-52,75,8,10
FS,28/07/2023,23/10/2023,spain-fs-pt-52,87,7,10
FS,18/07/2023,23/10/2023,spain-fs-pt-52,97,7,10
FS,14/07/2023,23/10/2023,spain-fs-pt-52,101,7,10
FS,13/07/2023,23/10/2023,spain-fs-pt-52,102,7,10
FS,30/06/2023,23/10/2023,spain-fs-pt-52,115,6,10
FS,20/09/2023,6/11/2023,spain-fs-pt-53,47,9,11
FS,18/09/2023,6/11/2023,spain-fs-pt-53,49,9,11
FS,14/09/2023,6/11/2023,spain-fs-pt-53,53,9,11
FS,13/09/2023,6/11/2023,spain-fs-pt-53,54,9,11
FS,13/09/2023,6/11/2023,spain-fs-pt-53,54,9,11
FS,7/09/2023,6/11/2023,spain-fs-pt-53,60,9,11
FS,7/09/2023,6/11/2023,spain-fs-pt-53,60,9,11
FS,7/09/2023,6/11/2023,spain-fs-pt-53,60,9,11
FS,6/09/2023,6/11/2023,spain-fs-pt-53,61,9,11
FS,6/09/2023,6/11/2023,spain-fs-pt-53,61,9,11
FS,29/08/2023,6/11/2023,spain-fs-pt-53,69,8,11
FS,26/07/2023,6/11/2023,spain-fs-pt-53,103,7,11
FS,31/05/2023,6/11/2023,spain-fs-pt-53,159,5,11
FS,31/03/2023,6/11/2023,spain-fs-pt-53,220,3,11
DS,30/10/2023,20/11/2023,spain-ds-pt-4,21,10,11
DS,26/10/2023,20/11/2023,spain-ds-pt-4,25,10,11
DS,18/10/2023,20/11/2023,spain-ds-pt-4,33,10,11
DS,16/10/2023,20/11/2023,spain-ds-pt-4,35,10,11
DS,29/09/2023,20/11/2023,spain-ds-pt-4,52,9,11
DS,27/09/2023,20/11/2023,spain-ds-pt-4,54,9,11
DS,22/09/2023,20/11/2023,spain-ds-pt-4,59,9,11
DS,13/09/2023,20/11/2023,spain-ds-pt-4,68,9,11
DS,25/08/2023,20/11/2023,spain-ds-pt-4,87,8,11
DS,2/08/2023,20/11/2023,spain-ds-pt-4,110,8,11
DS,11/04/2023,20/11/2023,spain-ds-pt-4,223,4,11
FS,31/10/2023,21/11/2023,spain-fs-pt-54,21,10,11
FS,12/10/2023,21/11/2023,spain-fs-pt-54,40,10,11
FS,5/10/2023,21/11/2023,spain-fs-pt-54,47,10,11
FS,4/10/2023,21/11/2023,spain-fs-pt-54,48,10,11
FS,2/10/2023,21/11/2023,spain-fs-pt-54,50,10,11
FS,30/09/2023,21/11/2023,spain-fs-pt-54,52,9,11
FS,28/09/2023,21/11/2023,spain-fs-pt-54,54,9,11
FS,27/09/2023,21/11/2023,spain-fs-pt-54,55,9,11
FS,26/09/2023,21/11/2023,spain-fs-pt-54,56,9,11
FS,25/09/2023,21/11/2023,spain-fs-pt-54,57,9,11
FS,21/09/2023,21/11/2023,spain-fs-pt-54,61,9,11
FS,19/09/2023,21/11/2023,spain-fs-pt-54,63,9,11
FS,12/09/2023,21/11/2023,spain-fs-pt-54,70,9,11
,,,,,,
FS,8/09/2023,21/11/2023,spain-fs-pt-54,74,9,11
FS,26/10/2023,27/11/2023,spain-fs-pt-55,32,10,11
FS,26/10/2023,27/11/2023,spain-fs-pt-55,32,10,11
FS,23/10/2023,27/11/2023,spain-fs-pt-55,35,10,11
FS,17/10/2023,27/11/2023,spain-fs-pt-55,41,10,11
FS,10/10/2023,27/11/2023,spain-fs-pt-55,48,10,11
FS,9/10/2023,27/11/2023,spain-fs-pt-55,49,10,11
FS,4/10/2023,27/11/2023,spain-fs-pt-55,54,10,11
FS,27/09/2023,27/11/2023,spain-fs-pt-55,61,9,11
,,,,,,
FS,20/09/2023,27/11/2023,spain-fs-pt-55,68,9,11
FS,15/11/2023,11/12/2023,spain-fs-pt-56,26,11,12
FS,4/11/2023,11/12/2023,spain-fs-pt-56,37,11,12
FS,3/11/2023,11/12/2023,spain-fs-pt-56,38,11,12
FS,2/11/2023,11/12/2023,spain-fs-pt-56,39,11,12
FS,1/11/2023,11/12/2023,spain-fs-pt-56,40,11,12
FS,27/10/2023,11/12/2023,spain-fs-pt-56,45,10,12
FS,16/10/2023,11/12/2023,spain-fs-pt-56,56,10,12
FS,9/10/2023,11/12/2023,spain-fs-pt-56,63,10,12
FS,4/10/2023,11/12/2023,spain-fs-pt-56,68,10,12
FS,3/10/2023,11/12/2023,spain-fs-pt-56,69,10,12
FS,18/09/2023,11/12/2023,spain-fs-pt-56,84,9,12
FS,31/08/2023,11/12/2023,spain-fs-pt-56,102,8,12
FS,18/08/2023,11/12/2023,spain-fs-pt-56,115,8,12
FS,30/11/2023,12/12/2023,spain-fs-pt-57,12,11,12
FS,17/11/2023,12/12/2023,spain-fs-pt-57,25,11,12
FS,13/11/2023,12/12/2023,spain-fs-pt-57,29,11,12
FS,10/11/2023,12/12/2023,spain-fs-pt-57,32,11,12
FS,8/11/2023,12/12/2023,spain-fs-pt-57,34,11,12
FS,8/11/2023,12/12/2023,spain-fs-pt-57,34,11,12
,,,,,,
FS,3/11/2023,12/12/2023,spain-fs-pt-57,39,11,12
FS,17/10/2023,12/12/2023,spain-fs-pt-57,56,10,12
FS,9/10/2023,12/12/2023,spain-fs-pt-57,64,10,12
FS,5/10/2023,12/12/2023,spain-fs-pt-57,68,10,12
FS,12/12/2023,15/01/2024,spain-fs-pt-58,34,12,1
FS,30/11/2023,15/01/2024,spain-fs-pt-58,46,11,1
FS,20/11/2023,15/01/2024,spain-fs-pt-58,56,11,1
FS,14/11/2023,15/01/2024,spain-fs-pt-58,62,11,1
FS,14/11/2023,15/01/2024,spain-fs-pt-58,62,11,1
,,,,,,
,,,,,,
FS,10/11/2023,15/01/2024,spain-fs-pt-58,66,11,1
FS,7/11/2023,15/01/2024,spain-fs-pt-58,69,11,1
FS,6/11/2023,15/01/2024,spain-fs-pt-58,70,11,1
,,,,,,
FS,20/10/2023,15/01/2024,spain-fs-pt-58,87,10,1
FS,13/10/2023,15/01/2024,spain-fs-pt-58,94,10,1
FS,27/09/2023,15/01/2024,spain-fs-pt-58,110,9,1
,,,,,,
FS,18/09/2023,15/01/2024,spain-fs-pt-58,119,9,1
FS,11/09/2023,15/01/2024,spain-fs-pt-58,126,9,1
FS,29/12/2023,22/01/2024,spain-fs-pt-60,24,12,1
FS,18/12/2023,22/01/2024,spain-fs-pt-60,35,12,1
FS,14/12/2023,22/01/2024,spain-fs-pt-60,39,12,1
,,,,,,
FS,5/12/2023,22/01/2024,spain-fs-pt-60,48,12,1
FS,5/12/2023,22/01/2024,spain-fs-pt-60,48,12,1
FS,4/12/2023,22/01/2024,spain-fs-pt-60,49,12,1
FS,30/11/2023,22/01/2024,spain-fs-pt-60,53,11,1
FS,30/11/2023,22/01/2024,spain-fs-pt-59,53,11,1
FS,24/11/2023,22/01/2024,spain-fs-pt-60,59,11,1
FS,21/11/2023,22/01/2024,spain-fs-pt-60,62,11,1
FS,8/11/2023,22/01/2024,spain-fs-pt-60,75,11,1
FS,2/11/2023,22/01/2024,spain-fs-pt-60,81,11,1
FS,20/10/2023,22/01/2024,spain-fs-pt-59,94,10,1
FS,5/10/2023,22/01/2024,spain-fs-pt-59,109,10,1
FS,5/10/2023,22/01/2024,spain-fs-pt-59,109,10,1
FS,4/10/2023,22/01/2024,spain-fs-pt-59,110,10,1
FS,2/10/2023,22/01/2024,spain-fs-pt-59,112,10,1
FS,30/09/2023,22/01/2024,spain-fs-pt-59,114,9,1
FS,20/09/2023,22/01/2024,spain-fs-pt-59,124,9,1
FS,12/09/2023,22/01/2024,spain-fs-pt-59,132,9,1
FS,18/08/2023,22/01/2024,spain-fs-pt-59,157,8,1
,,,,,,
FS,26/07/2023,22/01/2024,spain-fs-pt-59,180,7,1
FS,12/07/2023,22/01/2024,spain-fs-pt-60,194,7,1
DS,29/12/2023,29/01/2024,spain-ds-pt-5,31,12,1
DS,28/12/2023,29/01/2024,spain-ds-pt-5,32,12,1
DS,15/11/2023,29/01/2024,spain-ds-pt-5,75,11,1
DS,14/11/2023,29/01/2024,spain-ds-pt-5,76,11,1
DS,13/11/2023,29/01/2024,spain-ds-pt-5,77,11,1
DS,9/11/2023,29/01/2024,spain-ds-pt-5,81,11,1
DS,6/11/2023,29/01/2024,spain-ds-pt-5,84,11,1
DS,27/10/2023,29/01/2024,spain-ds-pt-5,94,10,1
DS,27/09/2023,29/01/2024,spain-ds-pt-5,124,9,1
FS,19/01/2024,5/02/2024,spain-fs-pt-61,17,1,2
FS,21/12/2023,5/02/2024,spain-fs-pt-61,46,12,2
FS,21/12/2023,5/02/2024,spain-fs-pt-61,46,12,2
FS,18/12/2023,5/02/2024,spain-fs-pt-61,49,12,2
FS,11/12/2023,5/02/2024,spain-fs-pt-61,56,12,2
FS,11/12/2023,5/02/2024,spain-fs-pt-61,56,12,2
FS,4/12/2023,5/02/2024,spain-fs-pt-61,63,12,2
FS,28/11/2023,5/02/2024,spain-fs-pt-61,69,11,2
FS,28/11/2023,5/02/2024,spain-fs-pt-61,69,11,2
,,,,,,
FS,6/11/2023,5/02/2024,spain-fs-pt-61,91,11,2
FS,19/01/2024,12/02/2024,spain-fs-pt-62,24,1,2
FS,15/01/2024,12/02/2024,spain-fs-pt-62,28,1,2
FS,15/01/2024,12/02/2024,spain-fs-pt-62,28,1,2
FS,12/01/2024,12/02/2024,spain-fs-pt-62,31,1,2
FS,8/01/2024,12/02/2024,spain-fs-pt-62,35,1,2
FS,6/01/2024,12/02/2024,spain-fs-pt-62,37,1,2
FS,4/01/2024,12/02/2024,spain-fs-pt-62,39,1,2
,,,,,,
FS,4/01/2024,12/02/2024,spain-fs-pt-62,39,1,2
,,,,,,
,,,,,,
FS,3/01/2024,12/02/2024,spain-fs-pt-62,40,1,2
,,,,,,
FS,29/12/2023,12/02/2024,spain-fs-pt-62,45,12,2
FS,27/12/2023,12/02/2024,spain-fs-pt-62,47,12,2
FS,15/12/2023,12/02/2024,spain-fs-pt-62,59,12,2
DS,27/01/2024,19/02/2024,spain-ds-pt-6,23,1,2
DS,22/01/2024,19/02/2024,spain-ds-pt-6,28,1,2
DS,19/01/2024,19/02/2024,spain-ds-pt-6,31,1,2
DS,19/01/2024,19/02/2024,spain-ds-pt-6,31,1,2
DS,18/01/2024,19/02/2024,spain-ds-pt-6,32,1,2
DS,16/01/2024,19/02/2024,spain-ds-pt-6,34,1,2
DS,12/01/2024,19/02/2024,spain-ds-pt-6,38,1,2
DS,8/01/2024,19/02/2024,spain-ds-pt-6,42,1,2
DS,1/12/2023,19/02/2024,spain-ds-pt-6,80,12,2
DS,31/03/2023,19/02/2024,spain-ds-pt-6,325,3,2
FS,14/02/2024,27/02/2024,spain-fs-pt-63,13,2,2
FS,6/02/2024,27/02/2024,spain-fs-pt-63,21,2,2
,,,,,,
FS,2/02/2024,27/02/2024,spain-fs-pt-63,25,2,2
FS,1/02/2024,27/02/2024,spain-fs-pt-63,26,2,2
FS,24/01/2024,27/02/2024,spain-fs-pt-63,34,1,2
FS,18/01/2024,27/02/2024,spain-fs-pt-63,40,1,2
FS,16/01/2024,27/02/2024,spain-fs-pt-63,42,1,2
FS,3/01/2024,27/02/2024,spain-fs-pt-63,55,1,2
FS,13/12/2023,27/02/2024,spain-fs-pt-63,76,12,2
FS,12/12/2023,27/02/2024,spain-fs-pt-63,77,12,2
FS,20/10/2023,27/02/2024,spain-fs-pt-63,130,10,2
FS,3/10/2023,27/02/2024,spain-fs-pt-63,147,10,2
FS,29/02/2024,4/03/2024,spain-fs-pt-65,4,2,3
FS,13/02/2024,4/03/2024,spain-fs-pt-65,20,2,3
FS,7/02/2024,4/03/2024,spain-fs-pt-65,26,2,3
FS,6/02/2024,4/03/2024,spain-fs-pt-65,27,2,3
FS,6/02/2024,4/03/2024,spain-fs-pt-65,27,2,3
FS,5/02/2024,4/03/2024,spain-fs-pt-65,28,2,3
FS,5/02/2024,4/03/2024,spain-fs-pt-65,28,2,3
FS,30/01/2024,4/03/2024,spain-fs-pt-64,34,1,3
FS,29/01/2024,4/03/2024,spain-fs-pt-65,35,1,3
FS,26/01/2024,4/03/2024,spain-fs-pt-65,38,1,3
FS,11/01/2024,4/03/2024,spain-fs-pt-65,53,1,3
FS,11/01/2024,4/03/2024,spain-fs-pt-64,53,1,3
FS,10/01/2024,4/03/2024,spain-fs-pt-65,54,1,3
FS,10/01/2024,4/03/2024,spain-fs-pt-64,54,1,3
FS,3/01/2024,4/03/2024,spain-fs-pt-65,61,1,3
FS,2/01/2024,4/03/2024,spain-fs-pt-65,62,1,3
FS,31/12/2023,4/03/2024,spain-fs-pt-64,64,12,3
FS,27/12/2023,4/03/2024,spain-fs-pt-64,68,12,3
FS,19/12/2023,4/03/2024,spain-fs-pt-65,76,12,3
FS,18/12/2023,4/03/2024,spain-fs-pt-64,77,12,3
FS,12/12/2023,4/03/2024,spain-fs-pt-64,83,12,3
FS,2/12/2023,4/03/2024,spain-fs-pt-64,93,12,3
FS,30/11/2023,4/03/2024,spain-fs-pt-65,95,11,3
,,,,,,
FS,28/11/2023,4/03/2024,spain-fs-pt-64,97,11,3
FS,22/11/2023,4/03/2024,spain-fs-pt-64,103,11,3
FS,20/11/2023,4/03/2024,spain-fs-pt-64,105,11,3
,,,,,,
FS,30/10/2023,4/03/2024,spain-fs-pt-64,126,10,3
FS,24/10/2023,4/03/2024,spain-fs-pt-64,132,10,3
FS,19/10/2023,4/03/2024,spain-fs-pt-64,137,10,3
FS,22/08/2023,4/03/2024,spain-fs-pt-65,195,8,3
FS,18/03/2024,1/04/2024,spain-fs-pt-66,14,3,4
DS,12/03/2024,1/04/2024,spain-ds-pt-7,20,3,4
DS,9/03/2024,1/04/2024,spain-ds-pt-7,23,3,4
FS,8/03/2024,1/04/2024,spain-fs-pt-66,24,3,4
FS,5/03/2024,1/04/2024,spain-fs-pt-66,27,3,4
DS,4/03/2024,1/04/2024,spain-ds-pt-7,28,3,4
,,,,,,
FS,1/03/2024,1/04/2024,spain-fs-pt-66,31,3,4
DS,29/02/2024,1/04/2024,spain-ds-pt-7,32,2,4
FS,26/02/2024,1/04/2024,spain-fs-pt-66,35,2,4
FS,26/02/2024,1/04/2024,spain-fs-pt-66,35,2,4
FS,26/02/2024,1/04/2024,spain-fs-pt-66,35,2,4
FS,23/02/2024,1/04/2024,spain-fs-pt-66,38,2,4
FS,21/02/2024,1/04/2024,spain-fs-pt-66,40,2,4
FS,20/02/2024,1/04/2024,spain-fs-pt-66,41,2,4
FS,19/02/2024,1/04/2024,spain-fs-pt-66,42,2,4
FS,16/02/2024,1/04/2024,spain-fs-pt-66,45,2,4
DS,15/02/2024,1/04/2024,spain-ds-pt-7,46,2,4
DS,15/02/2024,1/04/2024,spain-ds-pt-7,46,2,4
FS,8/02/2024,1/04/2024,spain-fs-pt-66,53,2,4
FS,4/02/2024,1/04/2024,spain-fs-pt-66,57,2,4
FS,15/01/2024,1/04/2024,spain-fs-pt-66,77,1,4
DS,11/12/2023,1/04/2024,spain-ds-pt-7,112,12,4
,,,,,,
DS,27/11/2023,1/04/2024,spain-ds-pt-7,126,11,4
DS,24/11/2023,1/04/2024,spain-ds-pt-7,129,11,4
FS,15/11/2023,1/04/2024,spain-fs-pt-66,138,11,4
DS,29/10/2023,1/04/2024,spain-ds-pt-7,155,10,4
DS,27/10/2023,1/04/2024,spain-ds-pt-7,157,10,4
DS,4/10/2023,1/04/2024,spain-ds-pt-7,180,10,4
FS,26/03/2024,15/04/2024,spain-fs-pt-67,20,3,4
FS,5/03/2024,15/04/2024,spain-fs-pt-67,41,3,4
FS,4/03/2024,15/04/2024,spain-fs-pt-67,42,3,4
FS,4/03/2024,15/04/2024,spain-fs-pt-67,42,3,4
FS,4/03/2024,15/04/2024,spain-fs-pt-67,42,3,4
FS,4/03/2024,15/04/2024,spain-fs-pt-67,42,3,4
FS,2/03/2024,15/04/2024,spain-fs-pt-67,44,3,4
FS,1/03/2024,15/04/2024,spain-fs-pt-67,45,3,4
FS,29/02/2024,15/04/2024,spain-fs-pt-67,46,2,4
FS,29/02/2024,15/04/2024,spain-fs-pt-67,46,2,4
FS,15/02/2024,15/04/2024,spain-fs-pt-67,60,2,4
FS,6/02/2024,15/04/2024,spain-fs-pt-67,69,2,4
FS,25/01/2024,15/04/2024,spain-fs-pt-67,81,1,4
FS,18/01/2024,15/04/2024,spain-fs-pt-67,88,1,4
FS,10/01/2024,15/04/2024,spain-fs-pt-67,96,1,4
FS,18/12/2023,15/04/2024,spain-fs-pt-67,119,12,4
FS,1/04/2024,22/04/2024,spain-fs-pt-69,21,4,4
FS,1/04/2024,22/04/2024,spain-fs-pt-69,21,4,4
FS,31/03/2024,22/04/2024,spain-fs-pt-69,22,3,4
FS,25/03/2024,22/04/2024,spain-fs-pt-69,28,3,4
FS,21/03/2024,22/04/2024,spain-fs-pt-69,32,3,4
FS,18/03/2024,22/04/2024,spain-fs-pt-69,35,3,4
FS,18/03/2024,22/04/2024,spain-fs-pt-69,35,3,4
FS,14/03/2024,22/04/2024,spain-fs-pt-69,39,3,4
FS,14/03/2024,22/04/2024,spain-fs-pt-69,39,3,4
FS,12/03/2024,22/04/2024,spain-fs-pt-69,41,3,4
FS,8/03/2024,22/04/2024,spain-fs-pt-69,45,3,4
FS,7/03/2024,22/04/2024,spain-fs-pt-69,46,3,4
FS,27/02/2024,22/04/2024,spain-fs-pt-68,55,2,4
FS,23/02/2024,22/04/2024,spain-fs-pt-68,59,2,4
FS,21/02/2024,22/04/2024,spain-fs-pt-68,61,2,4
FS,12/02/2024,22/04/2024,spain-fs-pt-69,70,2,4
FS,3/02/2024,22/04/2024,spain-fs-pt-68,79,2,4
FS,2/02/2024,22/04/2024,spain-fs-pt-68,80,2,4
FS,2/02/2024,22/04/2024,spain-fs-pt-68,80,2,4
FS,1/02/2024,22/04/2024,spain-fs-pt-68,81,2,4
FS,31/01/2024,22/04/2024,spain-fs-pt-68,82,1,4
FS,31/01/2024,22/04/2024,spain-fs-pt-68,82,1,4
FS,27/01/2024,22/04/2024,spain-fs-pt-68,86,1,4
FS,23/01/2024,22/04/2024,spain-fs-pt-68,90,1,4
FS,18/01/2024,22/04/2024,spain-fs-pt-68,95,1,4
FS,16/01/2024,22/04/2024,spain-fs-pt-69,97,1,4
FS,15/01/2024,22/04/2024,spain-fs-pt-68,98,1,4
FS,15/01/2024,22/04/2024,spain-fs-pt-68,98,1,4
FS,22/11/2023,22/04/2024,spain-fs-pt-68,152,11,4
FS,5/04/2024,6/05/2024,spain-fs-pt-70,31,4,5
FS,5/04/2024,6/05/2024,spain-fs-pt-70,31,4,5
FS,5/04/2024,6/05/2024,spain-fs-pt-70,31,4,5
FS,5/04/2024,6/05/2024,spain-fs-pt-70,31,4,5
FS,2/04/2024,6/05/2024,spain-fs-pt-70,34,4,5
FS,2/04/2024,6/05/2024,spain-fs-pt-70,34,4,5
FS,2/04/2024,6/05/2024,spain-fs-pt-70,34,4,5
FS,27/03/2024,6/05/2024,spain-fs-pt-70,40,3,5
FS,26/03/2024,6/05/2024,spain-fs-pt-70,41,3,5
FS,24/03/2024,6/05/2024,spain-fs-pt-70,43,3,5
FS,21/03/2024,6/05/2024,spain-fs-pt-70,46,3,5
FS,1/03/2024,6/05/2024,spain-fs-pt-70,66,3,5
FS,8/02/2024,6/05/2024,spain-fs-pt-70,88,2,5
FS,7/11/2023,6/05/2024,spain-fs-pt-70,181,11,5
FS,25/04/2024,13/05/2024,spain-fs-pt-71,18,4,5
,,,,,,
FS,23/04/2024,13/05/2024,spain-fs-pt-71,20,4,5
FS,9/04/2024,13/05/2024,spain-fs-pt-71,34,4,5
FS,8/04/2024,13/05/2024,spain-fs-pt-71,35,4,5
FS,3/04/2024,13/05/2024,spain-fs-pt-71,40,4,5
FS,19/03/2024,13/05/2024,spain-fs-pt-71,55,3,5
FS,18/03/2024,13/05/2024,spain-fs-pt-71,56,3,5
FS,28/02/2024,13/05/2024,spain-fs-pt-71,75,2,5
FS,27/02/2024,13/05/2024,spain-fs-pt-71,76,2,5
,,,,,,
FS,7/12/2023,13/05/2024,spain-fs-pt-71,158,12,5
FS,23/09/2023,13/05/2024,spain-fs-pt-71,233,9,5
FS,29/04/2024,14/05/2024,spain-fs-pt-72,15,4,5
FS,19/04/2024,14/05/2024,spain-fs-pt-72,25,4,5
FS,18/04/2024,14/05/2024,spain-fs-pt-72,26,4,5
FS,8/04/2024,14/05/2024,spain-fs-pt-72,36,4,5
FS,8/03/2024,14/05/2024,spain-fs-pt-72,67,3,5
FS,7/03/2024,14/05/2024,spain-fs-pt-72,68,3,5
FS,29/02/2024,14/05/2024,spain-fs-pt-72,75,2,5
FS,28/02/2024,14/05/2024,spain-fs-pt-72,76,2,5
FS,30/09/2023,14/05/2024,spain-fs-pt-72,227,9,5
,,,,,,
FS,26/05/2023,14/05/2024,spain-fs-pt-72,354,5,5
FS,7/05/2024,27/05/2024,spain-fs-pt-73,20,5,5
FS,29/04/2024,27/05/2024,spain-fs-pt-73,28,4,5
FS,29/04/2024,27/05/2024,spain-fs-pt-73,28,4,5
FS,26/04/2024,27/05/2024,spain-fs-pt-73,31,4,5
FS,26/04/2024,27/05/2024,spain-fs-pt-73,31,4,5
FS,23/04/2024,27/05/2024,spain-fs-pt-73,34,4,5
FS,22/04/2024,27/05/2024,spain-fs-pt-73,35,4,5
,,,,,,
FS,22/04/2024,27/05/2024,spain-fs-pt-73,35,4,5
FS,22/04/2024,27/05/2024,spain-fs-pt-73,35,4,5
FS,20/04/2024,27/05/2024,spain-fs-pt-73,37,4,5
FS,19/04/2024,27/05/2024,spain-fs-pt-73,38,4,5
FS,17/04/2024,27/05/2024,spain-fs-pt-73,40,4,5
DS,15/04/2024,27/05/2024,spain-ds-pt-8,42,4,5
FS,12/04/2024,27/05/2024,spain-fs-pt-73,45,4,5
FS,12/04/2024,27/05/2024,spain-fs-pt-73,45,4,5
DS,12/04/2024,27/05/2024,spain-ds-pt-8,45,4,5
FS,11/04/2024,27/05/2024,spain-fs-pt-73,46,4,5
FS,9/04/2024,27/05/2024,spain-fs-pt-73,48,4,5
DS,3/04/2024,27/05/2024,spain-ds-pt-8,54,4,5
DS,1/04/2024,27/05/2024,spain-ds-pt-8,56,4,5
DS,20/03/2024,27/05/2024,spain-ds-pt-8,68,3,5
DS,19/03/2024,27/05/2024,spain-ds-pt-8,69,3,5
DS,18/03/2024,27/05/2024,spain-ds-pt-8,70,3,5
FS,12/03/2024,27/05/2024,spain-fs-pt-73,76,3,5
DS,14/02/2024,27/05/2024,spain-ds-pt-8,103,2,5
DS,26/10/2023,27/05/2024,spain-ds-pt-8,214,10,5
DS,23/08/2023,27/05/2024,spain-ds-pt-8,278,8,5
FS,17/05/2024,3/06/2024,spain-fs-pt-74,17,5,6
FS,17/05/2024,3/06/2024,spain-fs-pt-74,17,5,6
FS,13/05/2024,3/06/2024,spain-fs-pt-74,21,5,6
FS,10/05/2024,3/06/2024,spain-fs-pt-74,24,5,6
FS,3/05/2024,3/06/2024,spain-fs-pt-74,31,5,6
FS,3/05/2024,3/06/2024,spain-fs-pt-74,31,5,6
FS,2/05/2024,3/06/2024,spain-fs-pt-74,32,5,6
,,,,,,
FS,30/04/2024,3/06/2024,spain-fs-pt-74,34,4,6
FS,24/04/2024,3/06/2024,spain-fs-pt-74,40,4,6
FS,22/04/2024,3/06/2024,spain-fs-pt-74,42,4,6
FS,15/04/2024,3/06/2024,spain-fs-pt-74,49,4,6
FS,2/02/2024,3/06/2024,spain-fs-pt-74,122,2,6
FS,30/11/2023,3/06/2024,spain-fs-pt-74,186,11,6
,,,,,,
FS,6/11/2023,3/06/2024,spain-fs-pt-74,210,11,6
FS,3/06/2024,17/06/2024,spain-fs-pt-76,14,6,6
FS,29/05/2024,17/06/2024,spain-fs-pt-76,19,5,6
FS,22/05/2024,17/06/2024,spain-fs-pt-76,26,5,6
FS,22/05/2024,17/06/2024,spain-fs-pt-76,26,5,6
FS,20/05/2024,17/06/2024,spain-fs-pt-76,28,5,6
FS,20/05/2024,17/06/2024,spain-fs-pt-76,28,5,6
FS,17/05/2024,17/06/2024,spain-fs-pt-76,31,5,6
FS,17/05/2024,17/06/2024,spain-fs-pt-76,31,5,6
FS,17/05/2024,17/06/2024,spain-fs-pt-76,31,5,6
FS,16/05/2024,17/06/2024,spain-fs-pt-76,32,5,6
FS,14/05/2024,17/06/2024,spain-fs-pt-76,34,5,6
FS,7/05/2024,17/06/2024,spain-fs-pt-76,41,5,6
FS,4/05/2024,17/06/2024,spain-fs-pt-75,44,5,6
FS,4/05/2024,17/06/2024,spain-fs-pt-75,44,5,6
FS,3/05/2024,17/06/2024,spain-fs-pt-75,45,5,6
FS,30/04/2024,17/06/2024,spain-fs-pt-75,48,4,6
FS,30/04/2024,17/06/2024,spain-fs-pt-75,48,4,6
FS,29/04/2024,17/06/2024,spain-fs-pt-75,49,4,6
,,,,,,
FS,24/04/2024,17/06/2024,spain-fs-pt-75,54,4,6
FS,19/04/2024,17/06/2024,spain-fs-pt-75,59,4,6
FS,10/04/2024,17/06/2024,spain-fs-pt-75,68,4,6
FS,12/02/2024,17/06/2024,spain-fs-pt-75,126,2,6
FS,4/09/2023,17/06/2024,spain-fs-pt-75,287,9,6
DS,26/06/2024,8/07/2024,spain-ds-pt-9,12,6,7
DS,21/06/2024,8/07/2024,spain-ds-pt-9,17,6,7
DS,21/06/2024,8/07/2024,spain-ds-pt-9,17,6,7
,,,,,,
DS,21/06/2024,8/07/2024,spain-ds-pt-9,17,6,7
DS,31/05/2024,8/07/2024,spain-ds-pt-9,38,5,7
DS,27/05/2024,8/07/2024,spain-ds-pt-9,42,5,7
DS,24/05/2024,8/07/2024,spain-ds-pt-9,45,5,7
DS,23/05/2024,8/07/2024,spain-ds-pt-9,46,5,7
DS,23/05/2024,8/07/2024,spain-ds-pt-9,46,5,7
DS,8/05/2024,8/07/2024,spain-ds-pt-9,61,5,7
DS,24/04/2024,8/07/2024,spain-ds-pt-9,75,4,7
DS,30/12/2023,8/07/2024,spain-ds-pt-9,191,12,7
DS,3/11/2023,8/07/2024,spain-ds-pt-9,248,11,7
DS,24/10/2023,8/07/2024,spain-ds-pt-9,258,10,7
FS,29/05/2024,15/07/2024,spain-fs-pt-77,47,5,7
FS,29/05/2024,15/07/2024,spain-fs-pt-77,47,5,7
FS,27/05/2024,15/07/2024,spain-fs-pt-77,49,5,7
FS,24/05/2024,15/07/2024,spain-fs-pt-77,52,5,7
FS,24/05/2024,15/07/2024,spain-fs-pt-77,52,5,7
FS,24/05/2024,15/07/2024,spain-fs-pt-77,52,5,7
FS,23/05/2024,15/07/2024,spain-fs-pt-77,53,5,7
FS,17/05/2024,15/07/2024,spain-fs-pt-77,59,5,7
FS,3/05/2024,15/07/2024,spain-fs-pt-77,73,5,7
FS,30/04/2024,15/07/2024,spain-fs-pt-77,76,4,7
,,,,,,
FS,30/04/2024,15/07/2024,spain-fs-pt-77,76,4,7
FS,22/04/2024,15/07/2024,spain-fs-pt-77,84,4,7
FS,25/06/2024,22/07/2024,spain-fs-pt-78,27,6,7
FS,11/06/2024,22/07/2024,spain-fs-pt-78,41,6,7
FS,10/06/2024,22/07/2024,spain-fs-pt-78,42,6,7
FS,7/06/2024,22/07/2024,spain-fs-pt-78,45,6,7
,,,,,,
FS,6/06/2024,22/07/2024,spain-fs-pt-78,46,6,7
FS,5/06/2024,22/07/2024,spain-fs-pt-78,47,6,7
FS,5/06/2024,22/07/2024,spain-fs-pt-78,47,6,7
FS,4/06/2024,22/07/2024,spain-fs-pt-78,48,6,7
FS,4/06/2024,22/07/2024,spain-fs-pt-78,48,6,7
FS,4/06/2024,22/07/2024,spain-fs-pt-78,48,6,7
FS,3/06/2024,22/07/2024,spain-fs-pt-78,49,6,7
FS,3/06/2024,22/07/2024,spain-fs-pt-78,49,6,7
FS,31/05/2024,22/07/2024,spain-fs-pt-78,52,5,7
FS,6/05/2024,22/07/2024,spain-fs-pt-78,77,5,7
FS,3/07/2024,2/09/2024,spain-fs-pt-79,61,7,9
FS,1/07/2024,2/09/2024,spain-fs-pt-79,63,7,9
FS,1/07/2024,2/09/2024,spain-fs-pt-79,63,7,9
FS,28/06/2024,2/09/2024,spain-fs-pt-79,66,6,9
FS,27/06/2024,2/09/2024,spain-fs-pt-79,67,6,9
FS,26/06/2024,2/09/2024,spain-fs-pt-79,68,6,9
FS,24/06/2024,2/09/2024,spain-fs-pt-79,70,6,9
FS,21/06/2024,2/09/2024,spain-fs-pt-79,73,6,9
FS,21/06/2024,2/09/2024,spain-fs-pt-79,73,6,9
FS,21/06/2024,2/09/2024,spain-fs-pt-79,73,6,9
FS,20/06/2024,2/09/2024,spain-fs-pt-79,74,6,9
FS,29/02/2024,2/09/2024,spain-fs-pt-79,186,2,9
,,,,,,
FS,15/07/2024,9/09/2024,spain-fs-pt-80,56,7,9
FS,12/07/2024,9/09/2024,spain-fs-pt-80,59,7,9
FS,11/07/2024,9/09/2024,spain-fs-pt-80,60,7,9
FS,11/07/2024,9/09/2024,spain-fs-pt-80,60,7,9
FS,10/07/2024,9/09/2024,spain-fs-pt-80,61,7,9
FS,10/07/2024,9/09/2024,spain-fs-pt-80,61,7,9
FS,9/07/2024,9/09/2024,spain-fs-pt-80,62,7,9
FS,8/07/2024,9/09/2024,spain-fs-pt-80,63,7,9
FS,8/07/2024,9/09/2024,spain-fs-pt-80,63,7,9
,,,,,,
,,,,,,
FS,8/07/2024,9/09/2024,spain-fs-pt-80,63,7,9
FS,8/07/2024,9/09/2024,spain-fs-pt-80,63,7,9
FS,4/07/2024,9/09/2024,spain-fs-pt-80,67,7,9
FS,3/07/2024,9/09/2024,spain-fs-pt-80,68,7,9
,,,,,,
FS,2/07/2024,9/09/2024,spain-fs-pt-80,69,7,9
,,,,,,
FS,18/06/2024,9/09/2024,spain-fs-pt-80,83,6,9
FS,6/08/2024,16/09/2024,spain-fs-pt-82,41,8,9
DS,17/07/2024,16/09/2024,spain-ds-pt-10,61,7,9
DS,16/07/2024,16/09/2024,spain-ds-pt-10,62,7,9
DS,12/07/2024,16/09/2024,spain-ds-pt-10,66,7,9
DS,4/07/2024,16/09/2024,spain-ds-pt-10,74,7,9
FS,2/07/2024,16/09/2024,spain-fs-pt-82,76,7,9
DS,2/07/2024,16/09/2024,spain-ds-pt-10,76,7,9
DS,2/07/2024,16/09/2024,spain-ds-pt-10,76,7,9
FS,1/07/2024,16/09/2024,spain-fs-pt-82,77,7,9
FS,28/06/2024,16/09/2024,spain-fs-pt-82,80,6,9
FS,26/06/2024,16/09/2024,spain-fs-pt-82,82,6,9
DS,26/06/2024,16/09/2024,spain-ds-pt-10,82,6,9
FS,25/06/2024,16/09/2024,spain-fs-pt-82,83,6,9
DS,25/06/2024,16/09/2024,spain-ds-pt-10,83,6,9
DS,24/06/2024,16/09/2024,spain-ds-pt-10,84,6,9
FS,21/06/2024,16/09/2024,spain-fs-pt-82,87,6,9
FS,19/06/2024,16/09/2024,spain-fs-pt-81,89,6,9
FS,14/06/2024,16/09/2024,spain-fs-pt-81,94,6,9
,,,,,,
DS,13/06/2024,16/09/2024,spain-ds-pt-10,95,6,9
DS,12/06/2024,16/09/2024,spain-ds-pt-10,96,6,9
DS,12/06/2024,16/09/2024,spain-ds-pt-10,96,6,9
FS,5/06/2024,16/09/2024,spain-fs-pt-81,103,6,9
FS,29/05/2024,16/09/2024,spain-fs-pt-81,110,5,9
FS,28/05/2024,16/09/2024,spain-fs-pt-81,111,5,9
FS,27/05/2024,16/09/2024,spain-fs-pt-82,112,5,9
FS,25/05/2024,16/09/2024,spain-fs-pt-82,114,5,9
FS,23/05/2024,16/09/2024,spain-fs-pt-82,116,5,9
FS,23/05/2024,16/09/2024,spain-fs-pt-81,116,5,9
,,,,,,
FS,22/05/2024,16/09/2024,spain-fs-pt-81,117,5,9
FS,20/05/2024,16/09/2024,spain-fs-pt-81,119,5,9
DS,18/05/2024,16/09/2024,spain-ds-pt-10,121,5,9
FS,17/05/2024,16/09/2024,spain-fs-pt-82,122,5,9
FS,8/05/2024,16/09/2024,spain-fs-pt-82,131,5,9
FS,6/05/2024,16/09/2024,spain-fs-pt-81,133,5,9
,,,,,,
FS,3/05/2024,16/09/2024,spain-fs-pt-81,136,5,9
FS,29/04/2024,16/09/2024,spain-fs-pt-82,140,4,9
FS,12/04/2024,16/09/2024,spain-fs-pt-82,157,4,9
,,,,,,
FS,20/03/2024,16/09/2024,spain-fs-pt-81,180,3,9
FS,19/02/2024,16/09/2024,spain-fs-pt-81,210,2,9
,,,,,,
FS,6/02/2024,16/09/2024,spain-fs-pt-81,223,2,9
FS,22/08/2024,23/09/2024,spain-fs-pt-83,32,8,9
FS,21/08/2024,23/09/2024,spain-fs-pt-83,33,8,9
,,,,,,
FS,22/07/2024,23/09/2024,spain-fs-pt-83,63,7,9
,,,,,,
FS,19/07/2024,23/09/2024,spain-fs-pt-83,66,7,9
FS,18/07/2024,23/09/2024,spain-fs-pt-83,67,7,9
,,,,,,
FS,18/07/2024,23/09/2024,spain-fs-pt-83,67,7,9
FS,18/07/2024,23/09/2024,spain-fs-pt-83,67,7,9
FS,17/07/2024,23/09/2024,spain-fs-pt-83,68,7,9
FS,17/07/2024,23/09/2024,spain-fs-pt-83,68,7,9
FS,17/07/2024,23/09/2024,spain-fs-pt-83,68,7,9
FS,16/07/2024,23/09/2024,spain-fs-pt-83,69,7,9
,,,,,,
FS,15/07/2024,23/09/2024,spain-fs-pt-83,70,7,9
FS,12/07/2024,23/09/2024,spain-fs-pt-83,73,7,9
CS,12/07/2024,23/09/2024,spain-cs-pt-1,73,7,9
CS,11/07/2024,23/09/2024,spain-cs-pt-1,74,7,9
,,,,,,
FS,10/07/2024,23/09/2024,spain-fs-pt-83,75,7,9
CS,8/07/2024,23/09/2024,spain-cs-pt-1,77,7,9
CS,8/07/2024,23/09/2024,spain-cs-pt-1,77,7,9
CS,21/06/2024,23/09/2024,spain-cs-pt-1,94,6,9
CS,20/06/2024,23/09/2024,spain-cs-pt-1,95,6,9
CS,18/06/2024,23/09/2024,spain-cs-pt-1,97,6,9
,,,,,,
FS,17/06/2024,23/09/2024,spain-fs-pt-83,98,6,9
CS,16/06/2024,23/09/2024,spain-cs-pt-1,99,6,9
,,,,,,
CS,10/06/2024,23/09/2024,spain-cs-pt-1,105,6,9
CS,3/06/2024,23/09/2024,spain-cs-pt-1,112,6,9
FS,21/05/2024,23/09/2024,spain-fs-pt-83,125,5,9
,,,,,,
CS,20/05/2024,23/09/2024,spain-cs-pt-1,126,5,9
CS,13/05/2024,23/09/2024,spain-cs-pt-1,133,5,9
CS,28/02/2024,23/09/2024,spain-cs-pt-1,208,2,9
FS,9/08/2024,30/09/2024,spain-fs-pt-84,52,8,9
FS,8/08/2024,30/09/2024,spain-fs-pt-84,53,8,9
FS,6/08/2024,30/09/2024,spain-fs-pt-84,55,8,9
FS,2/08/2024,30/09/2024,spain-fs-pt-84,59,8,9
FS,1/08/2024,30/09/2024,spain-fs-pt-84,60,8,9
,,,,,,
,,,,,,
FS,31/07/2024,30/09/2024,spain-fs-pt-84,61,7,9
FS,29/07/2024,30/09/2024,spain-fs-pt-84,63,7,9
FS,26/07/2024,30/09/2024,spain-fs-pt-84,66,7,9
FS,25/07/2024,30/09/2024,spain-fs-pt-84,67,7,9
FS,24/07/2024,30/09/2024,spain-fs-pt-84,68,7,9
FS,24/07/2024,30/09/2024,spain-fs-pt-84,68,7,9
FS,20/07/2024,30/09/2024,spain-fs-pt-84,72,7,9
,,,,,,
FS,19/07/2024,30/09/2024,spain-fs-pt-84,73,7,9
FS,3/07/2024,30/09/2024,spain-fs-pt-84,89,7,9
FS,22/05/2024,30/09/2024,spain-fs-pt-84,131,5,9
FS,23/09/2024,7/10/2024,spain-fs-pt-85,14,9,10
,,,,,,
DS,19/09/2024,7/10/2024,spain-ds-pt-11,18,9,10
,,,,,,
,,,,,,
DS,17/09/2024,7/10/2024,spain-ds-pt-11,20,9,10
DS,16/09/2024,7/10/2024,spain-ds-pt-11,21,9,10
FS,10/09/2024,7/10/2024,spain-fs-pt-85,27,9,10
DS,3/09/2024,7/10/2024,spain-ds-pt-11,34,9,10
FS,2/09/2024,7/10/2024,spain-fs-pt-85,35,9,10
FS,2/09/2024,7/10/2024,spain-fs-pt-85,35,9,10
FS,30/08/2024,7/10/2024,spain-fs-pt-85,38,8,10
FS,30/08/2024,7/10/2024,spain-fs-pt-85,38,8,10
,,,,,,
,,,,,,
FS,30/08/2024,7/10/2024,spain-fs-pt-85,38,8,10
FS,29/08/2024,7/10/2024,spain-fs-pt-85,39,8,10
,,,,,,
FS,29/08/2024,7/10/2024,spain-fs-pt-85,39,8,10
FS,28/08/2024,7/10/2024,spain-fs-pt-85,40,8,10
FS,28/08/2024,7/10/2024,spain-fs-pt-85,40,8,10
FS,23/08/2024,7/10/2024,spain-fs-pt-85,45,8,10
DS,22/08/2024,7/10/2024,spain-ds-pt-11,46,8,10
FS,12/08/2024,7/10/2024,spain-fs-pt-85,56,8,10
FS,9/08/2024,7/10/2024,spain-fs-pt-85,59,8,10
DS,8/08/2024,7/10/2024,spain-ds-pt-11,60,8,10
DS,5/08/2024,7/10/2024,spain-ds-pt-11,63,8,10
FS,23/07/2024,7/10/2024,spain-fs-pt-85,76,7,10
,,,,,,
DS,20/07/2024,7/10/2024,spain-ds-pt-11,79,7,10
DS,19/07/2024,7/10/2024,spain-ds-pt-11,80,7,10
DS,16/07/2024,7/10/2024,spain-ds-pt-11,83,7,10
,,,,,,
DS,25/06/2024,7/10/2024,spain-ds-pt-11,104,6,10
,,,,,,
DS,29/09/2023,7/10/2024,spain-ds-pt-11,374,9,10
FS,16/09/2024,14/10/2024,spain-fs-pt-87,28,9,10
,,,,,,
FS,12/09/2024,14/10/2024,spain-fs-pt-87,32,9,10
FS,9/09/2024,14/10/2024,spain-fs-pt-87,35,9,10
,,,,,,
FS,9/09/2024,14/10/2024,spain-fs-pt-87,35,9,10
FS,9/09/2024,14/10/2024,spain-fs-pt-87,35,9,10
FS,6/09/2024,14/10/2024,spain-fs-pt-87,38,9,10
FS,5/09/2024,14/10/2024,spain-fs-pt-87,39,9,10
,,,,,,
FS,3/09/2024,14/10/2024,spain-fs-pt-87,41,9,10
FS,3/09/2024,14/10/2024,spain-fs-pt-87,41,9,10
,,,,,,
FS,2/09/2024,14/10/2024,spain-fs-pt-87,42,9,10
FS,30/08/2024,14/10/2024,spain-fs-pt-87,45,8,10
FS,31/07/2024,14/10/2024,spain-fs-pt-86,75,7,10
FS,19/07/2024,14/10/2024,spain-fs-pt-86,87,7,10
FS,19/07/2024,14/10/2024,spain-fs-pt-86,87,7,10
FS,19/07/2024,14/10/2024,spain-fs-pt-86,87,7,10
,,,,,,
FS,17/07/2024,14/10/2024,spain-fs-pt-86,89,7,10
FS,13/07/2024,14/10/2024,spain-fs-pt-86,93,7,10
FS,8/07/2024,14/10/2024,spain-fs-pt-86,98,7,10
FS,1/07/2024,14/10/2024,spain-fs-pt-87,105,7,10
,,,,,,
,,,,,,
FS,1/07/2024,14/10/2024,spain-fs-pt-87,105,7,10
FS,26/06/2024,14/10/2024,spain-fs-pt-86,110,6,10
FS,18/04/2024,14/10/2024,spain-fs-pt-86,179,4,10
FS,1/04/2024,14/10/2024,spain-fs-pt-86,196,4,10
FS,22/02/2024,14/10/2024,spain-fs-pt-86,235,2,10
,,,,,,
CS,11/09/2024,21/10/2024,spain-cs-pt-2,40,9,10
CS,7/09/2024,21/10/2024,spain-cs-pt-2,44,9,10
,,,,,,
,,,,,,
,,,,,,
,,,,,,
CS,5/09/2024,21/10/2024,spain-cs-pt-2,46,9,10
,,,,,,
CS,4/09/2024,21/10/2024,spain-cs-pt-2,47,9,10
,,,,,,
,,,,,,
,,,,,,
,,,,,,
,,,,,,
,,,,,,
,,,,,,
,,,,,,
,,,,,,
,,,,,,
,,,,,,
,,,,,,
,,,,,,
,,,,,,
,,,,,,
,,,,,,
,,,,,,
,,,,,,
,,,,,,
,,,,,,
,,,,,,
,,,,,,
,,,,,,
,,,,,,
,,,,,,
,,,,,,
,,,,,,
,,,,,,
,,,,,,
,,,,,,
,,,,,,
,,,,,,
,,,,,,
,,,,,,
,,,,,,
,,,,,,
,,,,,,
,,,,,,
,,,,,,
,,,,,,
,,,,,,
CS,26/08/2024,21/10/2024,spain-cs-pt-2,56,8,10
CS,21/08/2024,21/10/2024,spain-cs-pt-2,61,8,10
,,,,,,
CS,9/08/2024,21/10/2024,spain-cs-pt-2,73,8,10
CS,31/07/2024,21/10/2024,spain-cs-pt-2,82,7,10
CS,30/07/2024,21/10/2024,spain-cs-pt-2,83,7,10
CS,29/07/2024,21/10/2024,spain-cs-pt-2,84,7,10
CS,24/07/2024,21/10/2024,spain-cs-pt-2,89,7,10
CS,19/07/2024,21/10/2024,spain-cs-pt-2,94,7,10
CS,12/07/2024,21/10/2024,spain-cs-pt-2,101,7,10
CS,26/06/2024,21/10/2024,spain-cs-pt-2,117,6,10
CS,24/06/2024,21/10/2024,spain-cs-pt-2,119,6,10
FS,9/10/2024,28/10/2024,spain-fs-pt-90,19,10,10
FS,9/10/2024,28/10/2024,spain-fs-pt-90,19,10,10
FS,7/10/2024,28/10/2024,spain-fs-pt-90,21,10,10
FS,1/10/2024,28/10/2024,spain-fs-pt-90,27,10,10
FS,30/09/2024,28/10/2024,spain-fs-pt-90,28,9,10
FS,26/09/2024,28/10/2024,spain-fs-pt-90,32,9,10
FS,25/09/2024,28/10/2024,spain-fs-pt-90,33,9,10
,,,,,,
FS,25/09/2024,28/10/2024,spain-fs-pt-90,33,9,10
FS,24/09/2024,28/10/2024,spain-fs-pt-90,34,9,10
FS,24/09/2024,28/10/2024,spain-fs-pt-88,34,9,10
FS,23/09/2024,28/10/2024,spain-fs-pt-90,35,9,10
FS,20/09/2024,28/10/2024,spain-fs-pt-90,38,9,10
FS,19/09/2024,28/10/2024,spain-fs-pt-90,39,9,10
FS,18/09/2024,28/10/2024,spain-fs-pt-90,40,9,10
FS,17/09/2024,28/10/2024,spain-fs-pt-90,41,9,10
FS,27/08/2024,28/10/2024,spain-fs-pt-88,62,8,10
FS,26/08/2024,28/10/2024,spain-fs-pt-88,63,8,10
FS,26/08/2024,28/10/2024,spain-fs-pt-88,63,8,10
FS,19/08/2024,28/10/2024,spain-fs-pt-88,70,8,10
FS,7/08/2024,28/10/2024,spain-fs-pt-88,82,8,10
FS,5/08/2024,28/10/2024,spain-fs-pt-88,84,8,10
FS,1/08/2024,28/10/2024,spain-fs-pt-88,88,8,10
FS,31/07/2024,28/10/2024,spain-fs-pt-88,89,7,10
FS,31/07/2024,28/10/2024,spain-fs-pt-88,89,7,10
FS,29/07/2024,28/10/2024,spain-fs-pt-88,91,7,10
FS,29/07/2024,28/10/2024,spain-fs-pt-88,91,7,10
FS,17/07/2024,28/10/2024,spain-fs-pt-88,103,7,10
FS,9/07/2024,28/10/2024,spain-fs-pt-90,111,7,10
FS,18/06/2024,28/10/2024,spain-fs-pt-88,132,6,10
FS,31/05/2024,28/10/2024,spain-fs-pt-89,150,5,10
FS,22/05/2024,28/10/2024,spain-fs-pt-89,159,5,10
FS,30/04/2024,28/10/2024,spain-fs-pt-89,181,4,10
FS,30/04/2024,28/10/2024,spain-fs-pt-89,181,4,10
FS,26/04/2024,28/10/2024,spain-fs-pt-89,185,4,10
FS,1/04/2024,28/10/2024,spain-fs-pt-88,210,4,10
FS,14/03/2024,28/10/2024,spain-fs-pt-89,228,3,10
FS,16/02/2024,28/10/2024,spain-fs-pt-89,255,2,10
FS,12/01/2024,28/10/2024,spain-fs-pt-89,290,1,10
FS,11/10/2024,29/10/2024,spain-fs-pt-91,18,10,10
,,,,,,
FS,11/10/2024,29/10/2024,spain-fs-pt-91,18,10,10
FS,10/10/2024,29/10/2024,spain-fs-pt-91,19,10,10
FS,25/09/2024,29/10/2024,spain-fs-pt-91,34,9,10
FS,24/09/2024,29/10/2024,spain-fs-pt-91,35,9,10
FS,17/09/2024,29/10/2024,spain-fs-pt-91,42,9,10
FS,16/09/2024,29/10/2024,spain-fs-pt-91,43,9,10
FS,12/09/2024,29/10/2024,spain-fs-pt-91,47,9,10
,,,,,,
FS,12/09/2024,29/10/2024,spain-fs-pt-91,47,9,10
FS,4/09/2024,29/10/2024,spain-fs-pt-91,55,9,10
FS,4/09/2024,29/10/2024,spain-fs-pt-91,55,9,10
FS,21/08/2024,29/10/2024,spain-fs-pt-91,69,8,10
FS,21/08/2024,29/10/2024,spain-fs-pt-91,69,8,10
FS,12/08/2024,29/10/2024,spain-fs-pt-91,78,8,10
FS,24/05/2024,29/10/2024,spain-fs-pt-91,158,5,10
FS,21/12/2023,29/10/2024,spain-fs-pt-91,313,12,10
FS,23/09/2024,11/11/2024,spain-fs-pt-92,49,9,11
FS,20/09/2024,11/11/2024,spain-fs-pt-92,52,9,11
FS,18/09/2024,11/11/2024,spain-fs-pt-92,54,9,11
FS,16/09/2024,11/11/2024,spain-fs-pt-92,56,9,11
FS,12/09/2024,11/11/2024,spain-fs-pt-92,60,9,11
FS,11/09/2024,11/11/2024,spain-fs-pt-92,61,9,11
FS,22/08/2024,11/11/2024,spain-fs-pt-92,81,8,11
FS,30/05/2024,11/11/2024,spain-fs-pt-92,165,5,11
FS,22/05/2024,11/11/2024,spain-fs-pt-92,173,5,11
DS,22/10/2024,18/11/2024,spain-ds-pt-12,27,10,11
DS,17/10/2024,18/11/2024,spain-ds-pt-12,32,10,11
,,,,,,
DS,16/10/2024,18/11/2024,spain-ds-pt-12,33,10,11
DS,14/10/2024,18/11/2024,spain-ds-pt-12,35,10,11
DS,14/10/2024,18/11/2024,spain-ds-pt-12,35,10,11
DS,11/10/2024,18/11/2024,spain-ds-pt-12,38,10,11
,,,,,,
,,,,,,
DS,7/10/2024,18/11/2024,spain-ds-pt-12,42,10,11
DS,2/10/2024,18/11/2024,spain-ds-pt-12,47,10,11
,,,,,,
DS,30/09/2024,18/11/2024,spain-ds-pt-12,49,9,11
DS,27/09/2024,18/11/2024,spain-ds-pt-12,52,9,11
DS,27/09/2024,18/11/2024,spain-ds-pt-12,52,9,11
DS,20/09/2024,18/11/2024,spain-ds-pt-12,59,9,11
DS,19/09/2024,18/11/2024,spain-ds-pt-12,60,9,11
DS,13/09/2024,18/11/2024,spain-ds-pt-12,66,9,11
,,,,,,
DS,9/07/2024,18/11/2024,spain-ds-pt-12,132,7,11
CS,8/11/2024,25/11/2024,spain-cs-pt-3,17,11,11
FS,7/11/2024,25/11/2024,spain-fs-pt-93,18,11,11
CS,6/11/2024,25/11/2024,spain-cs-pt-3,19,11,11
FS,4/11/2024,25/11/2024,spain-fs-pt-93,21,11,11
FS,31/10/2024,25/11/2024,spain-fs-pt-93,25,10,11
FS,25/10/2024,25/11/2024,spain-fs-pt-93,31,10,11
CS,25/10/2024,25/11/2024,spain-cs-pt-3,31,10,11
CS,24/10/2024,25/11/2024,spain-cs-pt-3,32,10,11
FS,23/10/2024,25/11/2024,spain-fs-pt-93,33,10,11
CS,23/10/2024,25/11/2024,spain-cs-pt-3,33,10,11
FS,21/10/2024,25/11/2024,spain-fs-pt-93,35,10,11
CS,21/10/2024,25/11/2024,spain-cs-pt-3,35,10,11
FS,18/10/2024,25/11/2024,spain-fs-pt-93,38,10,11
,,,,,,
FS,18/10/2024,25/11/2024,spain-fs-pt-93,38,10,11
FS,17/10/2024,25/11/2024,spain-fs-pt-93,39,10,11
CS,17/10/2024,25/11/2024,spain-cs-pt-3,39,10,11
FS,16/10/2024,25/11/2024,spain-fs-pt-93,40,10,11
,,,,,,
FS,16/10/2024,25/11/2024,spain-fs-pt-93,40,10,11
FS,15/10/2024,25/11/2024,spain-fs-pt-93,41,10,11
FS,14/10/2024,25/11/2024,spain-fs-pt-93,42,10,11
FS,14/10/2024,25/11/2024,spain-fs-pt-93,42,10,11
CS,11/10/2024,25/11/2024,spain-cs-pt-3,45,10,11
CS,10/10/2024,25/11/2024,spain-cs-pt-3,46,10,11
FS,9/10/2024,25/11/2024,spain-fs-pt-93,47,10,11
,,,,,,
CS,4/10/2024,25/11/2024,spain-cs-pt-3,52,10,11
CS,3/10/2024,25/11/2024,spain-cs-pt-3,53,10,11
CS,3/10/2024,25/11/2024,spain-cs-pt-3,53,10,11
CS,30/09/2024,25/11/2024,spain-cs-pt-3,56,9,11
CS,30/09/2024,25/11/2024,spain-cs-pt-3,56,9,11
CS,27/09/2024,25/11/2024,spain-cs-pt-3,59,9,11
CS,25/09/2024,25/11/2024,spain-cs-pt-3,61,9,11
FS,20/06/2024,25/11/2024,spain-fs-pt-93,158,6,11
FS,15/02/2024,25/11/2024,spain-fs-pt-93,284,2,11
FS,11/11/2024,2/12/2024,spain-fs-pt-95,21,11,12
,,,,,,
FS,6/11/2024,2/12/2024,spain-fs-pt-95,26,11,12
,,,,,,
FS,6/11/2024,2/12/2024,spain-fs-pt-95,26,11,12
FS,5/11/2024,2/12/2024,spain-fs-pt-95,27,11,12
,,,,,,
,,,,,,
FS,5/11/2024,2/12/2024,spain-fs-pt-95,27,11,12
FS,5/11/2024,2/12/2024,spain-fs-pt-95,27,11,12
FS,5/11/2024,2/12/2024,spain-fs-pt-95,27,11,12
FS,5/11/2024,2/12/2024,spain-fs-pt-95,27,11,12
,,,,,,
FS,4/11/2024,2/12/2024,spain-fs-pt-95,28,11,12
FS,4/11/2024,2/12/2024,spain-fs-pt-95,28,11,12
FS,4/11/2024,2/12/2024,spain-fs-pt-94,28,11,12
FS,31/10/2024,2/12/2024,spain-fs-pt-95,32,10,12
FS,31/10/2024,2/12/2024,spain-fs-pt-95,32,10,12
FS,31/10/2024,2/12/2024,spain-fs-pt-95,32,10,12
FS,29/10/2024,2/12/2024,spain-fs-pt-94,34,10,12
FS,28/10/2024,2/12/2024,spain-fs-pt-95,35,10,12
FS,25/10/2024,2/12/2024,spain-fs-pt-94,38,10,12
FS,24/10/2024,2/12/2024,spain-fs-pt-94,39,10,12
FS,24/10/2024,2/12/2024,spain-fs-pt-94,39,10,12
FS,22/10/2024,2/12/2024,spain-fs-pt-95,41,10,12
,,,,,,
FS,16/10/2024,2/12/2024,spain-fs-pt-94,47,10,12
FS,16/10/2024,2/12/2024,spain-fs-pt-94,47,10,12
FS,16/10/2024,2/12/2024,spain-fs-pt-94,47,10,12
FS,14/10/2024,2/12/2024,spain-fs-pt-94,49,10,12
FS,9/10/2024,2/12/2024,spain-fs-pt-94,54,10,12
,,,,,,
FS,9/10/2024,2/12/2024,spain-fs-pt-94,54,10,12
FS,7/10/2024,2/12/2024,spain-fs-pt-94,56,10,12
,,,,,,
FS,1/10/2024,2/12/2024,spain-fs-pt-94,62,10,12
FS,30/09/2024,2/12/2024,spain-fs-pt-94,63,9,12
FS,23/08/2024,2/12/2024,spain-fs-pt-94,101,8,12
,,,,,,
,,,,,,
FS,31/07/2024,2/12/2024,spain-fs-pt-94,124,7,12
FS,28/06/2024,2/12/2024,spain-fs-pt-95,157,6,12
FS,27/01/2023,2/12/2024,spain-fs-pt-94,675,1,12
DS,7/11/2024,9/12/2024,spain-ds-pt-13,32,11,12
DS,7/11/2024,9/12/2024,spain-ds-pt-13,32,11,12
DS,4/11/2024,9/12/2024,spain-ds-pt-13,35,11,12
DS,4/11/2024,9/12/2024,spain-ds-pt-13,35,11,12
DS,31/10/2024,9/12/2024,spain-ds-pt-13,39,10,12
DS,25/10/2024,9/12/2024,spain-ds-pt-13,45,10,12
DS,22/10/2024,9/12/2024,spain-ds-pt-13,48,10,12
DS,21/10/2024,9/12/2024,spain-ds-pt-13,49,10,12
DS,21/10/2024,9/12/2024,spain-ds-pt-13,49,10,12
DS,23/09/2024,9/12/2024,spain-ds-pt-13,77,9,12
DS,23/09/2024,9/12/2024,spain-ds-pt-13,77,9,12
DS,20/08/2024,9/12/2024,spain-ds-pt-13,111,8,12
FS,14/11/2024,8/01/2025,spain-fs-pt-diciembre-09/12,55,11,1
FS,11/11/2024,8/01/2025,spain-fs-pt-diciembre-09/12,58,11,1
FS,8/11/2024,8/01/2025,spain-fs-pt-diciembre-09/12,61,11,1
FS,7/11/2024,8/01/2025,spain-fs-pt-diciembre-09/12,62,11,1
FS,11/10/2024,8/01/2025,spain-fs-pt-diciembre-09/12,89,10,1
CS,11/11/2024,13/01/2025,spain-cs-pt-enero-13/01,63,11,1
CS,30/10/2024,13/01/2025,spain-cs-pt-enero-13/01,75,10,1
CS,29/10/2024,13/01/2025,spain-cs-pt-enero-13/01,76,10,1
CS,29/10/2024,13/01/2025,spain-cs-pt-enero-13/01,76,10,1
CS,1/08/2024,13/01/2025,spain-cs-pt-enero-13/01,165,8,1
FS,13/11/2024,27/01/2025,spain-fs-pt-enero-matutino-13/01,75,11,1
FS,12/11/2024,27/01/2025,spain-fs-pt-enero-matutino-13/01,76,11,1
DS,12/11/2024,27/01/2025,spain-ds-pt-enero-13/01,76,11,1
,,,,,,
FS,11/11/2024,27/01/2025,spain-fs-pt-enero-matutino-13/01,77,11,1
FS,11/11/2024,27/01/2025,spain-fs-pt-enero-13/01,77,11,1
FS,7/11/2024,27/01/2025,spain-fs-pt-enero-matutino-13/01,81,11,1
FS,7/11/2024,27/01/2025,spain-fs-pt-enero-matutino-13/01,81,11,1
FS,31/10/2024,27/01/2025,spain-fs-pt-enero-matutino-13/01,88,10,1
FS,31/10/2024,27/01/2025,spain-fs-pt-enero-13/01,88,10,1
FS,28/10/2024,27/01/2025,spain-fs-pt-enero-13/01,91,10,1
DS,25/10/2024,27/01/2025,spain-ds-pt-enero-13/01,94,10,1
FS,24/10/2024,27/01/2025,spain-fs-pt-enero-matutino-13/01,95,10,1
,,,,,,
FS,22/10/2024,27/01/2025,spain-fs-pt-enero-matutino-13/01,97,10,1
FS,22/10/2024,27/01/2025,spain-fs-pt-enero-matutino-13/01,97,10,1
FS,21/10/2024,27/01/2025,spain-fs-pt-enero-matutino-13/01,98,10,1
FS,14/10/2024,27/01/2025,spain-fs-pt-enero-13/01,105,10,1
FS,30/09/2024,27/01/2025,spain-fs-pt-enero-13/01,119,9,1
FS,25/09/2024,27/01/2025,spain-fs-pt-enero-matutino-13/01,124,9,1
DS,9/09/2024,27/01/2025,spain-ds-pt-enero-13/01,140,9,1
DS,6/09/2024,27/01/2025,spain-ds-pt-enero-13/01,143,9,1
DS,3/09/2024,27/01/2025,spain-ds-pt-enero-13/01,146,9,1
DS,31/07/2024,27/01/2025,spain-ds-pt-enero-13/01,180,7,1
FS,27/06/2024,27/01/2025,spain-fs-pt-enero-matutino-13/01,214,6,1
FS,21/05/2024,27/01/2025,spain-fs-pt-enero-13/01,251,5,1
,,,,,,
FS,8/07/2024,10/02/2025,spain-fs-pt-enero-matutino-27/01,217,7,2